
> preview
> node scripts/with-app-env.mjs vite preview


 ╭────────── [Build Info] ─────────────╮
 │                                     │
 │  - Build Directory: .vercel/output  │
 │  - Date: 8/25/2026, 3:14:16 AM      │
 │  - Nitro Version: 3.0.260610-beta   │
 │  - Nitro Preset: vercel             │
 │                                     │
 ╰─────────────────────────────────────╯

  ➜  Local:   http://127.0.0.1:8081/

> preview
> node scripts/with-app-env.mjs vite preview


 ╭────────── [Build Info] ─────────────╮
 │                                     │
 │  - Build Directory: .vercel/output  │
 │  - Date: 8/25/2026, 3:39:42 AM      │
 │  - Nitro Version: 3.0.260610-beta   │
 │  - Nitro Preset: vercel             │
 │                                     │
 ╰─────────────────────────────────────╯

  ➜  Local:   http://127.0.0.1:8081/

> preview
> node scripts/with-app-env.mjs vite preview


 ╭────────── [Build Info] ─────────────╮
 │                                     │
 │  - Build Directory: .vercel/output  │
 │  - Date: 8/25/2026, 3:45:00 AM      │
 │  - Nitro Version: 3.0.260610-beta   │
 │  - Nitro Preset: vercel             │
 │                                     │
 ╰─────────────────────────────────────╯

  ➜  Local:   http://127.0.0.1:8081/

> preview
> node scripts/with-app-env.mjs vite preview


 ╭────────── [Build Info] ─────────────╮
 │                                     │
 │  - Build Directory: .vercel/output  │
 │  - Date: 8/29/2026, 2:58:13 AM      │
 │  - Nitro Version: 3.0.260610-beta   │
 │  - Nitro Preset: vercel             │
 │                                     │
 ╰─────────────────────────────────────╯

  ➜  Local:   http://127.0.0.1:8081/
[db] PGLite bootstrap failed: Error: ENOENT: no such file or directory, open '/workspace/.vercel/output/functions/__server.func/_libs/pglite.data'
    at async open (node:internal/fs/promises:639:25)
    at async Module.readFile (node:internal/fs/promises:1252:14)
    at async Object.w$2 (file:///workspace/.vercel/output/functions/__server.func/_libs/electric-sql__pglite.mjs:114:16) {
  errno: -2,
  code: 'ENOENT',
  syscall: 'open',
  path: '/workspace/.vercel/output/functions/__server.func/_libs/pglite.data'
}
node:internal/process/promises:394
    triggerUncaughtException(err, true /* fromPromise */);
    ^

Error: ENOENT: no such file or directory, open '/workspace/.vercel/output/functions/__server.func/_libs/pglite.data'
    at async open (node:internal/fs/promises:639:25)
    at async Module.readFile (node:internal/fs/promises:1252:14)
    at async Object.w$2 (file:///workspace/.vercel/output/functions/__server.func/_libs/electric-sql__pglite.mjs:114:16) {
  errno: -2,
  code: 'ENOENT',
  syscall: 'open',
  path: '/workspace/.vercel/output/functions/__server.func/_libs/pglite.data'
}

Node.js v22.23.2

> preview
> node scripts/with-app-env.mjs vite preview


 ╭────────── [Build Info] ─────────────╮
 │                                     │
 │  - Build Directory: .vercel/output  │
 │  - Date: 8/29/2026, 3:02:16 AM      │
 │  - Nitro Version: 3.0.260610-beta   │
 │  - Nitro Preset: vercel             │
 │                                     │
 ╰─────────────────────────────────────╯

  ➜  Local:   http://127.0.0.1:8081/
[db] PGLite bootstrap failed: Error: ENOENT: no such file or directory, open '/workspace/.vercel/output/functions/__server.func/_libs/pglite.data'
    at async open (node:internal/fs/promises:639:25)
    at async Module.readFile (node:internal/fs/promises:1252:14)
    at async Object.w$2 (file:///workspace/.vercel/output/functions/__server.func/_libs/electric-sql__pglite.mjs:114:16) {
  errno: -2,
  code: 'ENOENT',
  syscall: 'open',
  path: '/workspace/.vercel/output/functions/__server.func/_libs/pglite.data'
}
node:internal/process/promises:394
    triggerUncaughtException(err, true /* fromPromise */);
    ^

Error: ENOENT: no such file or directory, open '/workspace/.vercel/output/functions/__server.func/_libs/pglite.data'
    at async open (node:internal/fs/promises:639:25)
    at async Module.readFile (node:internal/fs/promises:1252:14)
    at async Object.w$2 (file:///workspace/.vercel/output/functions/__server.func/_libs/electric-sql__pglite.mjs:114:16) {
  errno: -2,
  code: 'ENOENT',
  syscall: 'open',
  path: '/workspace/.vercel/output/functions/__server.func/_libs/pglite.data'
}

Node.js v22.23.2

> preview
> node scripts/with-app-env.mjs vite preview


 ╭────────── [Build Info] ─────────────╮
 │                                     │
 │  - Build Directory: .vercel/output  │
 │  - Date: 8/29/2026, 3:02:16 AM      │
 │  - Nitro Version: 3.0.260610-beta   │
 │  - Nitro Preset: vercel             │
 │                                     │
 ╰─────────────────────────────────────╯

  ➜  Local:   http://127.0.0.1:8081/
2026-08-29T03:03:19.692Z WARN [Better Auth]: Rate limiting could not determine a client IP and is falling back to a single shared per-path bucket. Ensure your runtime forwards a trusted client IP header, then set `advanced.ipAddress.ipAddressHeaders` or `advanced.ipAddress.trustedProxies` so the address can be resolved.

> preview
> node scripts/with-app-env.mjs vite preview


 ╭────────── [Build Info] ─────────────╮
 │                                     │
 │  - Build Directory: .vercel/output  │
 │  - Date: 8/29/2026, 3:38:29 AM      │
 │  - Nitro Version: 3.0.260610-beta   │
 │  - Nitro Preset: vercel             │
 │                                     │
 ╰─────────────────────────────────────╯

  ➜  Local:   http://127.0.0.1:8081/
2026-08-29T03:38:40.113Z WARN [Better Auth]: Rate limiting could not determine a client IP and is falling back to a single shared per-path bucket. Ensure your runtime forwards a trusted client IP header, then set `advanced.ipAddress.ipAddressHeaders` or `advanced.ipAddress.trustedProxies` so the address can be resolved.

> preview
> node scripts/with-app-env.mjs vite preview


 ╭────────── [Build Info] ─────────────╮
 │                                     │
 │  - Build Directory: .vercel/output  │
 │  - Date: 8/29/2026, 4:22:14 AM      │
 │  - Nitro Version: 3.0.260610-beta   │
 │  - Nitro Preset: vercel             │
 │                                     │
 ╰─────────────────────────────────────╯

  ➜  Local:   http://127.0.0.1:8081/
2026-08-29T04:22:27.315Z WARN [Better Auth]: Rate limiting could not determine a client IP and is falling back to a single shared per-path bucket. Ensure your runtime forwards a trusted client IP header, then set `advanced.ipAddress.ipAddressHeaders` or `advanced.ipAddress.trustedProxies` so the address can be resolved.

> preview
> node scripts/with-app-env.mjs vite preview


 ╭────────── [Build Info] ─────────────╮
 │                                     │
 │  - Build Directory: .vercel/output  │
 │  - Date: 8/29/2026, 4:42:43 AM      │
 │  - Nitro Version: 3.0.260610-beta   │
 │  - Nitro Preset: vercel             │
 │                                     │
 ╰─────────────────────────────────────╯

  ➜  Local:   http://127.0.0.1:8081/
2026-08-29T04:44:11.182Z WARN [Better Auth]: Rate limiting could not determine a client IP and is falling back to a single shared per-path bucket. Ensure your runtime forwards a trusted client IP header, then set `advanced.ipAddress.ipAddressHeaders` or `advanced.ipAddress.trustedProxies` so the address can be resolved.

> preview
> node scripts/with-app-env.mjs vite preview


 ╭────────── [Build Info] ─────────────╮
 │                                     │
 │  - Build Directory: .vercel/output  │
 │  - Date: 8/30/2026, 3:26:45 AM      │
 │  - Nitro Version: 3.0.260610-beta   │
 │  - Nitro Preset: vercel             │
 │                                     │
 ╰─────────────────────────────────────╯

  ➜  Local:   http://127.0.0.1:8081/
2026-08-30T03:26:56.682Z WARN [Better Auth]: Rate limiting could not determine a client IP and is falling back to a single shared per-path bucket. Ensure your runtime forwards a trusted client IP header, then set `advanced.ipAddress.ipAddressHeaders` or `advanced.ipAddress.trustedProxies` so the address can be resolved.

> preview
> node scripts/with-app-env.mjs vite preview


 ╭────────── [Build Info] ─────────────╮
 │                                     │
 │  - Build Directory: .vercel/output  │
 │  - Date: 8/30/2026, 3:44:20 AM      │
 │  - Nitro Version: 3.0.260610-beta   │
 │  - Nitro Preset: vercel             │
 │                                     │
 ╰─────────────────────────────────────╯

  ➜  Local:   http://127.0.0.1:8081/
2026-08-30T03:44:32.272Z WARN [Better Auth]: Rate limiting could not determine a client IP and is falling back to a single shared per-path bucket. Ensure your runtime forwards a trusted client IP header, then set `advanced.ipAddress.ipAddressHeaders` or `advanced.ipAddress.trustedProxies` so the address can be resolved.

> preview
> node scripts/with-app-env.mjs vite preview


 ╭────────── [Build Info] ─────────────╮
 │                                     │
 │  - Build Directory: .vercel/output  │
 │  - Date: 8/30/2026, 4:22:25 AM      │
 │  - Nitro Version: 3.0.260610-beta   │
 │  - Nitro Preset: vercel             │
 │                                     │
 ╰─────────────────────────────────────╯

  ➜  Local:   http://127.0.0.1:8081/
2026-08-30T04:22:55.692Z WARN [Better Auth]: Rate limiting could not determine a client IP and is falling back to a single shared per-path bucket. Ensure your runtime forwards a trusted client IP header, then set `advanced.ipAddress.ipAddressHeaders` or `advanced.ipAddress.trustedProxies` so the address can be resolved.

> preview
> node scripts/with-app-env.mjs vite preview


 ╭────────── [Build Info] ─────────────╮
 │                                     │
 │  - Build Directory: .vercel/output  │
 │  - Date: 8/30/2026, 4:34:01 AM      │
 │  - Nitro Version: 3.0.260610-beta   │
 │  - Nitro Preset: vercel             │
 │                                     │
 ╰─────────────────────────────────────╯

  ➜  Local:   http://127.0.0.1:8081/
2026-08-30T04:34:22.936Z WARN [Better Auth]: Rate limiting could not determine a client IP and is falling back to a single shared per-path bucket. Ensure your runtime forwards a trusted client IP header, then set `advanced.ipAddress.ipAddressHeaders` or `advanced.ipAddress.trustedProxies` so the address can be resolved.

> preview
> node scripts/with-app-env.mjs vite preview


 ╭────────── [Build Info] ─────────────╮
 │                                     │
 │  - Build Directory: .vercel/output  │
 │  - Date: 8/30/2026, 4:47:05 AM      │
 │  - Nitro Version: 3.0.260610-beta   │
 │  - Nitro Preset: vercel             │
 │                                     │
 ╰─────────────────────────────────────╯

  ➜  Local:   http://127.0.0.1:8081/
2026-08-30T04:47:17.133Z WARN [Better Auth]: Rate limiting could not determine a client IP and is falling back to a single shared per-path bucket. Ensure your runtime forwards a trusted client IP header, then set `advanced.ipAddress.ipAddressHeaders` or `advanced.ipAddress.trustedProxies` so the address can be resolved.

> preview
> node scripts/with-app-env.mjs vite preview


 ╭────────── [Build Info] ─────────────╮
 │                                     │
 │  - Build Directory: .vercel/output  │
 │  - Date: 8/30/2026, 5:14:52 AM      │
 │  - Nitro Version: 3.0.260610-beta   │
 │  - Nitro Preset: vercel             │
 │                                     │
 ╰─────────────────────────────────────╯

  ➜  Local:   http://127.0.0.1:8081/
2026-08-30T05:15:15.983Z WARN [Better Auth]: Rate limiting could not determine a client IP and is falling back to a single shared per-path bucket. Ensure your runtime forwards a trusted client IP header, then set `advanced.ipAddress.ipAddressHeaders` or `advanced.ipAddress.trustedProxies` so the address can be resolved.

> preview
> node scripts/with-app-env.mjs vite preview


 ╭────────── [Build Info] ─────────────╮
 │                                     │
 │  - Build Directory: .vercel/output  │
 │  - Date: 8/30/2026, 5:36:13 AM      │
 │  - Nitro Version: 3.0.260610-beta   │
 │  - Nitro Preset: vercel             │
 │                                     │
 ╰─────────────────────────────────────╯

  ➜  Local:   http://127.0.0.1:8081/
2026-08-30T05:36:24.285Z WARN [Better Auth]: Rate limiting could not determine a client IP and is falling back to a single shared per-path bucket. Ensure your runtime forwards a trusted client IP header, then set `advanced.ipAddress.ipAddressHeaders` or `advanced.ipAddress.trustedProxies` so the address can be resolved.

> preview
> node scripts/with-app-env.mjs vite preview


 ╭────────── [Build Info] ─────────────╮
 │                                     │
 │  - Build Directory: .vercel/output  │
 │  - Date: 8/30/2026, 6:08:58 AM      │
 │  - Nitro Version: 3.0.260610-beta   │
 │  - Nitro Preset: vercel             │
 │                                     │
 ╰─────────────────────────────────────╯

  ➜  Local:   http://127.0.0.1:8081/
2026-08-30T06:09:07.971Z WARN [Better Auth]: Rate limiting could not determine a client IP and is falling back to a single shared per-path bucket. Ensure your runtime forwards a trusted client IP header, then set `advanced.ipAddress.ipAddressHeaders` or `advanced.ipAddress.trustedProxies` so the address can be resolved.

> preview
> node scripts/with-app-env.mjs vite preview


 ╭────────── [Build Info] ─────────────╮
 │                                     │
 │  - Build Directory: .vercel/output  │
 │  - Date: 8/30/2026, 6:34:49 AM      │
 │  - Nitro Version: 3.0.260610-beta   │
 │  - Nitro Preset: vercel             │
 │                                     │
 ╰─────────────────────────────────────╯

  ➜  Local:   http://127.0.0.1:8081/
2026-08-30T06:35:00.919Z WARN [Better Auth]: Rate limiting could not determine a client IP and is falling back to a single shared per-path bucket. Ensure your runtime forwards a trusted client IP header, then set `advanced.ipAddress.ipAddressHeaders` or `advanced.ipAddress.trustedProxies` so the address can be resolved.

> preview
> node scripts/with-app-env.mjs vite preview


 ╭────────── [Build Info] ─────────────╮
 │                                     │
 │  - Build Directory: .vercel/output  │
 │  - Date: 8/30/2026, 7:25:10 AM      │
 │  - Nitro Version: 3.0.260610-beta   │
 │  - Nitro Preset: vercel             │
 │                                     │
 ╰─────────────────────────────────────╯

  ➜  Local:   http://127.0.0.1:8081/
SyntaxError: Export 'ssr_exports' is not defined in module
    at compileSourceTextModule (node:internal/modules/esm/utils:346:16)
    ... 7 lines matching cause stack trace ...
    at async onImport.tracePromise.__proto__ (node:internal/modules/esm/loader:680:25) {
  cause: SyntaxError: Export 'ssr_exports' is not defined in module
      at compileSourceTextModule (node:internal/modules/esm/utils:346:16)
      at ModuleLoader.moduleStrategy (node:internal/modules/esm/translators:110:18)
      at #translate (node:internal/modules/esm/loader:559:20)
      at afterLoad (node:internal/modules/esm/loader:612:29)
      at ModuleLoader.loadAndTranslate (node:internal/modules/esm/loader:617:12)
      at #createModuleJob (node:internal/modules/esm/loader:640:36)
      at #getJobFromResolveResult (node:internal/modules/esm/loader:353:34)
      at ModuleLoader.getModuleJobForImport (node:internal/modules/esm/loader:321:41)
      at async onImport.tracePromise.__proto__ (node:internal/modules/esm/loader:680:25),
  status: 500,
  statusText: undefined,
  headers: undefined,
  data: undefined,
  body: undefined,
  unhandled: true
}
SyntaxError: Export 'ssr_exports' is not defined in module
    at compileSourceTextModule (node:internal/modules/esm/utils:346:16)
    ... 7 lines matching cause stack trace ...
    at async onImport.tracePromise.__proto__ (node:internal/modules/esm/loader:680:25) {
  cause: SyntaxError: Export 'ssr_exports' is not defined in module
      at compileSourceTextModule (node:internal/modules/esm/utils:346:16)
      at ModuleLoader.moduleStrategy (node:internal/modules/esm/translators:110:18)
      at #translate (node:internal/modules/esm/loader:559:20)
      at afterLoad (node:internal/modules/esm/loader:612:29)
      at ModuleLoader.loadAndTranslate (node:internal/modules/esm/loader:617:12)
      at #createModuleJob (node:internal/modules/esm/loader:640:36)
      at #getJobFromResolveResult (node:internal/modules/esm/loader:353:34)
      at ModuleLoader.getModuleJobForImport (node:internal/modules/esm/loader:321:41)
      at async onImport.tracePromise.__proto__ (node:internal/modules/esm/loader:680:25),
  status: 500,
  statusText: undefined,
  headers: undefined,
  data: undefined,
  body: undefined,
  unhandled: true
}
SyntaxError: Export 'ssr_exports' is not defined in module
    at compileSourceTextModule (node:internal/modules/esm/utils:346:16)
    ... 7 lines matching cause stack trace ...
    at async onImport.tracePromise.__proto__ (node:internal/modules/esm/loader:680:25) {
  cause: SyntaxError: Export 'ssr_exports' is not defined in module
      at compileSourceTextModule (node:internal/modules/esm/utils:346:16)
      at ModuleLoader.moduleStrategy (node:internal/modules/esm/translators:110:18)
      at #translate (node:internal/modules/esm/loader:559:20)
      at afterLoad (node:internal/modules/esm/loader:612:29)
      at ModuleLoader.loadAndTranslate (node:internal/modules/esm/loader:617:12)
      at #createModuleJob (node:internal/modules/esm/loader:640:36)
      at #getJobFromResolveResult (node:internal/modules/esm/loader:353:34)
      at ModuleLoader.getModuleJobForImport (node:internal/modules/esm/loader:321:41)
      at async onImport.tracePromise.__proto__ (node:internal/modules/esm/loader:680:25),
  status: 500,
  statusText: undefined,
  headers: undefined,
  data: undefined,
  body: undefined,
  unhandled: true
}
SyntaxError: Export 'ssr_exports' is not defined in module
    at compileSourceTextModule (node:internal/modules/esm/utils:346:16)
    ... 7 lines matching cause stack trace ...
    at async onImport.tracePromise.__proto__ (node:internal/modules/esm/loader:680:25) {
  cause: SyntaxError: Export 'ssr_exports' is not defined in module
      at compileSourceTextModule (node:internal/modules/esm/utils:346:16)
      at ModuleLoader.moduleStrategy (node:internal/modules/esm/translators:110:18)
      at #translate (node:internal/modules/esm/loader:559:20)
      at afterLoad (node:internal/modules/esm/loader:612:29)
      at ModuleLoader.loadAndTranslate (node:internal/modules/esm/loader:617:12)
      at #createModuleJob (node:internal/modules/esm/loader:640:36)
      at #getJobFromResolveResult (node:internal/modules/esm/loader:353:34)
      at ModuleLoader.getModuleJobForImport (node:internal/modules/esm/loader:321:41)
      at async onImport.tracePromise.__proto__ (node:internal/modules/esm/loader:680:25),
  status: 500,
  statusText: undefined,
  headers: undefined,
  data: undefined,
  body: undefined,
  unhandled: true
}
SyntaxError: Export 'ssr_exports' is not defined in module
    at compileSourceTextModule (node:internal/modules/esm/utils:346:16)
    ... 7 lines matching cause stack trace ...
    at async onImport.tracePromise.__proto__ (node:internal/modules/esm/loader:680:25) {
  cause: SyntaxError: Export 'ssr_exports' is not defined in module
      at compileSourceTextModule (node:internal/modules/esm/utils:346:16)
      at ModuleLoader.moduleStrategy (node:internal/modules/esm/translators:110:18)
      at #translate (node:internal/modules/esm/loader:559:20)
      at afterLoad (node:internal/modules/esm/loader:612:29)
      at ModuleLoader.loadAndTranslate (node:internal/modules/esm/loader:617:12)
      at #createModuleJob (node:internal/modules/esm/loader:640:36)
      at #getJobFromResolveResult (node:internal/modules/esm/loader:353:34)
      at ModuleLoader.getModuleJobForImport (node:internal/modules/esm/loader:321:41)
      at async onImport.tracePromise.__proto__ (node:internal/modules/esm/loader:680:25),
  status: 500,
  statusText: undefined,
  headers: undefined,
  data: undefined,
  body: undefined,
  unhandled: true
}
SyntaxError: Export 'ssr_exports' is not defined in module
    at compileSourceTextModule (node:internal/modules/esm/utils:346:16)
    ... 7 lines matching cause stack trace ...
    at async onImport.tracePromise.__proto__ (node:internal/modules/esm/loader:680:25) {
  cause: SyntaxError: Export 'ssr_exports' is not defined in module
      at compileSourceTextModule (node:internal/modules/esm/utils:346:16)
      at ModuleLoader.moduleStrategy (node:internal/modules/esm/translators:110:18)
      at #translate (node:internal/modules/esm/loader:559:20)
      at afterLoad (node:internal/modules/esm/loader:612:29)
      at ModuleLoader.loadAndTranslate (node:internal/modules/esm/loader:617:12)
      at #createModuleJob (node:internal/modules/esm/loader:640:36)
      at #getJobFromResolveResult (node:internal/modules/esm/loader:353:34)
      at ModuleLoader.getModuleJobForImport (node:internal/modules/esm/loader:321:41)
      at async onImport.tracePromise.__proto__ (node:internal/modules/esm/loader:680:25),
  status: 500,
  statusText: undefined,
  headers: undefined,
  data: undefined,
  body: undefined,
  unhandled: true
}
SyntaxError: Export 'ssr_exports' is not defined in module
    at compileSourceTextModule (node:internal/modules/esm/utils:346:16)
    ... 7 lines matching cause stack trace ...
    at async onImport.tracePromise.__proto__ (node:internal/modules/esm/loader:680:25) {
  cause: SyntaxError: Export 'ssr_exports' is not defined in module
      at compileSourceTextModule (node:internal/modules/esm/utils:346:16)
      at ModuleLoader.moduleStrategy (node:internal/modules/esm/translators:110:18)
      at #translate (node:internal/modules/esm/loader:559:20)
      at afterLoad (node:internal/modules/esm/loader:612:29)
      at ModuleLoader.loadAndTranslate (node:internal/modules/esm/loader:617:12)
      at #createModuleJob (node:internal/modules/esm/loader:640:36)
      at #getJobFromResolveResult (node:internal/modules/esm/loader:353:34)
      at ModuleLoader.getModuleJobForImport (node:internal/modules/esm/loader:321:41)
      at async onImport.tracePromise.__proto__ (node:internal/modules/esm/loader:680:25),
  status: 500,
  statusText: undefined,
  headers: undefined,
  data: undefined,
  body: undefined,
  unhandled: true
}
SyntaxError: Export 'ssr_exports' is not defined in module
    at compileSourceTextModule (node:internal/modules/esm/utils:346:16)
    ... 7 lines matching cause stack trace ...
    at async onImport.tracePromise.__proto__ (node:internal/modules/esm/loader:680:25) {
  cause: SyntaxError: Export 'ssr_exports' is not defined in module
      at compileSourceTextModule (node:internal/modules/esm/utils:346:16)
      at ModuleLoader.moduleStrategy (node:internal/modules/esm/translators:110:18)
      at #translate (node:internal/modules/esm/loader:559:20)
      at afterLoad (node:internal/modules/esm/loader:612:29)
      at ModuleLoader.loadAndTranslate (node:internal/modules/esm/loader:617:12)
      at #createModuleJob (node:internal/modules/esm/loader:640:36)
      at #getJobFromResolveResult (node:internal/modules/esm/loader:353:34)
      at ModuleLoader.getModuleJobForImport (node:internal/modules/esm/loader:321:41)
      at async onImport.tracePromise.__proto__ (node:internal/modules/esm/loader:680:25),
  status: 500,
  statusText: undefined,
  headers: undefined,
  data: undefined,
  body: undefined,
  unhandled: true
}
SyntaxError: Export 'ssr_exports' is not defined in module
    at compileSourceTextModule (node:internal/modules/esm/utils:346:16)
    ... 7 lines matching cause stack trace ...
    at async onImport.tracePromise.__proto__ (node:internal/modules/esm/loader:680:25) {
  cause: SyntaxError: Export 'ssr_exports' is not defined in module
      at compileSourceTextModule (node:internal/modules/esm/utils:346:16)
      at ModuleLoader.moduleStrategy (node:internal/modules/esm/translators:110:18)
      at #translate (node:internal/modules/esm/loader:559:20)
      at afterLoad (node:internal/modules/esm/loader:612:29)
      at ModuleLoader.loadAndTranslate (node:internal/modules/esm/loader:617:12)
      at #createModuleJob (node:internal/modules/esm/loader:640:36)
      at #getJobFromResolveResult (node:internal/modules/esm/loader:353:34)
      at ModuleLoader.getModuleJobForImport (node:internal/modules/esm/loader:321:41)
      at async onImport.tracePromise.__proto__ (node:internal/modules/esm/loader:680:25),
  status: 500,
  statusText: undefined,
  headers: undefined,
  data: undefined,
  body: undefined,
  unhandled: true
}
SyntaxError: Export 'ssr_exports' is not defined in module
    at compileSourceTextModule (node:internal/modules/esm/utils:346:16)
    ... 7 lines matching cause stack trace ...
    at async onImport.tracePromise.__proto__ (node:internal/modules/esm/loader:680:25) {
  cause: SyntaxError: Export 'ssr_exports' is not defined in module
      at compileSourceTextModule (node:internal/modules/esm/utils:346:16)
      at ModuleLoader.moduleStrategy (node:internal/modules/esm/translators:110:18)
      at #translate (node:internal/modules/esm/loader:559:20)
      at afterLoad (node:internal/modules/esm/loader:612:29)
      at ModuleLoader.loadAndTranslate (node:internal/modules/esm/loader:617:12)
      at #createModuleJob (node:internal/modules/esm/loader:640:36)
      at #getJobFromResolveResult (node:internal/modules/esm/loader:353:34)
      at ModuleLoader.getModuleJobForImport (node:internal/modules/esm/loader:321:41)
      at async onImport.tracePromise.__proto__ (node:internal/modules/esm/loader:680:25),
  status: 500,
  statusText: undefined,
  headers: undefined,
  data: undefined,
  body: undefined,
  unhandled: true
}
SyntaxError: Export 'ssr_exports' is not defined in module
    at compileSourceTextModule (node:internal/modules/esm/utils:346:16)
    ... 7 lines matching cause stack trace ...
    at async onImport.tracePromise.__proto__ (node:internal/modules/esm/loader:680:25) {
  cause: SyntaxError: Export 'ssr_exports' is not defined in module
      at compileSourceTextModule (node:internal/modules/esm/utils:346:16)
      at ModuleLoader.moduleStrategy (node:internal/modules/esm/translators:110:18)
      at #translate (node:internal/modules/esm/loader:559:20)
      at afterLoad (node:internal/modules/esm/loader:612:29)
      at ModuleLoader.loadAndTranslate (node:internal/modules/esm/loader:617:12)
      at #createModuleJob (node:internal/modules/esm/loader:640:36)
      at #getJobFromResolveResult (node:internal/modules/esm/loader:353:34)
      at ModuleLoader.getModuleJobForImport (node:internal/modules/esm/loader:321:41)
      at async onImport.tracePromise.__proto__ (node:internal/modules/esm/loader:680:25),
  status: 500,
  statusText: undefined,
  headers: undefined,
  data: undefined,
  body: undefined,
  unhandled: true
}
SyntaxError: Export 'ssr_exports' is not defined in module
    at compileSourceTextModule (node:internal/modules/esm/utils:346:16)
    ... 7 lines matching cause stack trace ...
    at async onImport.tracePromise.__proto__ (node:internal/modules/esm/loader:680:25) {
  cause: SyntaxError: Export 'ssr_exports' is not defined in module
      at compileSourceTextModule (node:internal/modules/esm/utils:346:16)
      at ModuleLoader.moduleStrategy (node:internal/modules/esm/translators:110:18)
      at #translate (node:internal/modules/esm/loader:559:20)
      at afterLoad (node:internal/modules/esm/loader:612:29)
      at ModuleLoader.loadAndTranslate (node:internal/modules/esm/loader:617:12)
      at #createModuleJob (node:internal/modules/esm/loader:640:36)
      at #getJobFromResolveResult (node:internal/modules/esm/loader:353:34)
      at ModuleLoader.getModuleJobForImport (node:internal/modules/esm/loader:321:41)
      at async onImport.tracePromise.__proto__ (node:internal/modules/esm/loader:680:25),
  status: 500,
  statusText: undefined,
  headers: undefined,
  data: undefined,
  body: undefined,
  unhandled: true
}
SyntaxError: Export 'ssr_exports' is not defined in module
    at compileSourceTextModule (node:internal/modules/esm/utils:346:16)
    ... 7 lines matching cause stack trace ...
    at async onImport.tracePromise.__proto__ (node:internal/modules/esm/loader:680:25) {
  cause: SyntaxError: Export 'ssr_exports' is not defined in module
      at compileSourceTextModule (node:internal/modules/esm/utils:346:16)
      at ModuleLoader.moduleStrategy (node:internal/modules/esm/translators:110:18)
      at #translate (node:internal/modules/esm/loader:559:20)
      at afterLoad (node:internal/modules/esm/loader:612:29)
      at ModuleLoader.loadAndTranslate (node:internal/modules/esm/loader:617:12)
      at #createModuleJob (node:internal/modules/esm/loader:640:36)
      at #getJobFromResolveResult (node:internal/modules/esm/loader:353:34)
      at ModuleLoader.getModuleJobForImport (node:internal/modules/esm/loader:321:41)
      at async onImport.tracePromise.__proto__ (node:internal/modules/esm/loader:680:25),
  status: 500,
  statusText: undefined,
  headers: undefined,
  data: undefined,
  body: undefined,
  unhandled: true
}
SyntaxError: Export 'ssr_exports' is not defined in module
    at compileSourceTextModule (node:internal/modules/esm/utils:346:16)
    ... 7 lines matching cause stack trace ...
    at async onImport.tracePromise.__proto__ (node:internal/modules/esm/loader:680:25) {
  cause: SyntaxError: Export 'ssr_exports' is not defined in module
      at compileSourceTextModule (node:internal/modules/esm/utils:346:16)
      at ModuleLoader.moduleStrategy (node:internal/modules/esm/translators:110:18)
      at #translate (node:internal/modules/esm/loader:559:20)
      at afterLoad (node:internal/modules/esm/loader:612:29)
      at ModuleLoader.loadAndTranslate (node:internal/modules/esm/loader:617:12)
      at #createModuleJob (node:internal/modules/esm/loader:640:36)
      at #getJobFromResolveResult (node:internal/modules/esm/loader:353:34)
      at ModuleLoader.getModuleJobForImport (node:internal/modules/esm/loader:321:41)
      at async onImport.tracePromise.__proto__ (node:internal/modules/esm/loader:680:25),
  status: 500,
  statusText: undefined,
  headers: undefined,
  data: undefined,
  body: undefined,
  unhandled: true
}
SyntaxError: Export 'ssr_exports' is not defined in module
    at compileSourceTextModule (node:internal/modules/esm/utils:346:16)
    ... 7 lines matching cause stack trace ...
    at async onImport.tracePromise.__proto__ (node:internal/modules/esm/loader:680:25) {
  cause: SyntaxError: Export 'ssr_exports' is not defined in module
      at compileSourceTextModule (node:internal/modules/esm/utils:346:16)
      at ModuleLoader.moduleStrategy (node:internal/modules/esm/translators:110:18)
      at #translate (node:internal/modules/esm/loader:559:20)
      at afterLoad (node:internal/modules/esm/loader:612:29)
      at ModuleLoader.loadAndTranslate (node:internal/modules/esm/loader:617:12)
      at #createModuleJob (node:internal/modules/esm/loader:640:36)
      at #getJobFromResolveResult (node:internal/modules/esm/loader:353:34)
      at ModuleLoader.getModuleJobForImport (node:internal/modules/esm/loader:321:41)
      at async onImport.tracePromise.__proto__ (node:internal/modules/esm/loader:680:25),
  status: 500,
  statusText: undefined,
  headers: undefined,
  data: undefined,
  body: undefined,
  unhandled: true
}
SyntaxError: Export 'ssr_exports' is not defined in module
    at compileSourceTextModule (node:internal/modules/esm/utils:346:16)
    ... 7 lines matching cause stack trace ...
    at async onImport.tracePromise.__proto__ (node:internal/modules/esm/loader:680:25) {
  cause: SyntaxError: Export 'ssr_exports' is not defined in module
      at compileSourceTextModule (node:internal/modules/esm/utils:346:16)
      at ModuleLoader.moduleStrategy (node:internal/modules/esm/translators:110:18)
      at #translate (node:internal/modules/esm/loader:559:20)
      at afterLoad (node:internal/modules/esm/loader:612:29)
      at ModuleLoader.loadAndTranslate (node:internal/modules/esm/loader:617:12)
      at #createModuleJob (node:internal/modules/esm/loader:640:36)
      at #getJobFromResolveResult (node:internal/modules/esm/loader:353:34)
      at ModuleLoader.getModuleJobForImport (node:internal/modules/esm/loader:321:41)
      at async onImport.tracePromise.__proto__ (node:internal/modules/esm/loader:680:25),
  status: 500,
  statusText: undefined,
  headers: undefined,
  data: undefined,
  body: undefined,
  unhandled: true
}
SyntaxError: Export 'ssr_exports' is not defined in module
    at compileSourceTextModule (node:internal/modules/esm/utils:346:16)
    ... 7 lines matching cause stack trace ...
    at async onImport.tracePromise.__proto__ (node:internal/modules/esm/loader:680:25) {
  cause: SyntaxError: Export 'ssr_exports' is not defined in module
      at compileSourceTextModule (node:internal/modules/esm/utils:346:16)
      at ModuleLoader.moduleStrategy (node:internal/modules/esm/translators:110:18)
      at #translate (node:internal/modules/esm/loader:559:20)
      at afterLoad (node:internal/modules/esm/loader:612:29)
      at ModuleLoader.loadAndTranslate (node:internal/modules/esm/loader:617:12)
      at #createModuleJob (node:internal/modules/esm/loader:640:36)
      at #getJobFromResolveResult (node:internal/modules/esm/loader:353:34)
      at ModuleLoader.getModuleJobForImport (node:internal/modules/esm/loader:321:41)
      at async onImport.tracePromise.__proto__ (node:internal/modules/esm/loader:680:25),
  status: 500,
  statusText: undefined,
  headers: undefined,
  data: undefined,
  body: undefined,
  unhandled: true
}
SyntaxError: Export 'ssr_exports' is not defined in module
    at compileSourceTextModule (node:internal/modules/esm/utils:346:16)
    ... 7 lines matching cause stack trace ...
    at async onImport.tracePromise.__proto__ (node:internal/modules/esm/loader:680:25) {
  cause: SyntaxError: Export 'ssr_exports' is not defined in module
      at compileSourceTextModule (node:internal/modules/esm/utils:346:16)
      at ModuleLoader.moduleStrategy (node:internal/modules/esm/translators:110:18)
      at #translate (node:internal/modules/esm/loader:559:20)
      at afterLoad (node:internal/modules/esm/loader:612:29)
      at ModuleLoader.loadAndTranslate (node:internal/modules/esm/loader:617:12)
      at #createModuleJob (node:internal/modules/esm/loader:640:36)
      at #getJobFromResolveResult (node:internal/modules/esm/loader:353:34)
      at ModuleLoader.getModuleJobForImport (node:internal/modules/esm/loader:321:41)
      at async onImport.tracePromise.__proto__ (node:internal/modules/esm/loader:680:25),
  status: 500,
  statusText: undefined,
  headers: undefined,
  data: undefined,
  body: undefined,
  unhandled: true
}
SyntaxError: Export 'ssr_exports' is not defined in module
    at compileSourceTextModule (node:internal/modules/esm/utils:346:16)
    ... 7 lines matching cause stack trace ...
    at async onImport.tracePromise.__proto__ (node:internal/modules/esm/loader:680:25) {
  cause: SyntaxError: Export 'ssr_exports' is not defined in module
      at compileSourceTextModule (node:internal/modules/esm/utils:346:16)
      at ModuleLoader.moduleStrategy (node:internal/modules/esm/translators:110:18)
      at #translate (node:internal/modules/esm/loader:559:20)
      at afterLoad (node:internal/modules/esm/loader:612:29)
      at ModuleLoader.loadAndTranslate (node:internal/modules/esm/loader:617:12)
      at #createModuleJob (node:internal/modules/esm/loader:640:36)
      at #getJobFromResolveResult (node:internal/modules/esm/loader:353:34)
      at ModuleLoader.getModuleJobForImport (node:internal/modules/esm/loader:321:41)
      at async onImport.tracePromise.__proto__ (node:internal/modules/esm/loader:680:25),
  status: 500,
  statusText: undefined,
  headers: undefined,
  data: undefined,
  body: undefined,
  unhandled: true
}
SyntaxError: Export 'ssr_exports' is not defined in module
    at compileSourceTextModule (node:internal/modules/esm/utils:346:16)
    ... 7 lines matching cause stack trace ...
    at async onImport.tracePromise.__proto__ (node:internal/modules/esm/loader:680:25) {
  cause: SyntaxError: Export 'ssr_exports' is not defined in module
      at compileSourceTextModule (node:internal/modules/esm/utils:346:16)
      at ModuleLoader.moduleStrategy (node:internal/modules/esm/translators:110:18)
      at #translate (node:internal/modules/esm/loader:559:20)
      at afterLoad (node:internal/modules/esm/loader:612:29)
      at ModuleLoader.loadAndTranslate (node:internal/modules/esm/loader:617:12)
      at #createModuleJob (node:internal/modules/esm/loader:640:36)
      at #getJobFromResolveResult (node:internal/modules/esm/loader:353:34)
      at ModuleLoader.getModuleJobForImport (node:internal/modules/esm/loader:321:41)
      at async onImport.tracePromise.__proto__ (node:internal/modules/esm/loader:680:25),
  status: 500,
  statusText: undefined,
  headers: undefined,
  data: undefined,
  body: undefined,
  unhandled: true
}
SyntaxError: Export 'ssr_exports' is not defined in module
    at compileSourceTextModule (node:internal/modules/esm/utils:346:16)
    ... 7 lines matching cause stack trace ...
    at async onImport.tracePromise.__proto__ (node:internal/modules/esm/loader:680:25) {
  cause: SyntaxError: Export 'ssr_exports' is not defined in module
      at compileSourceTextModule (node:internal/modules/esm/utils:346:16)
      at ModuleLoader.moduleStrategy (node:internal/modules/esm/translators:110:18)
      at #translate (node:internal/modules/esm/loader:559:20)
      at afterLoad (node:internal/modules/esm/loader:612:29)
      at ModuleLoader.loadAndTranslate (node:internal/modules/esm/loader:617:12)
      at #createModuleJob (node:internal/modules/esm/loader:640:36)
      at #getJobFromResolveResult (node:internal/modules/esm/loader:353:34)
      at ModuleLoader.getModuleJobForImport (node:internal/modules/esm/loader:321:41)
      at async onImport.tracePromise.__proto__ (node:internal/modules/esm/loader:680:25),
  status: 500,
  statusText: undefined,
  headers: undefined,
  data: undefined,
  body: undefined,
  unhandled: true
}
SyntaxError: Export 'ssr_exports' is not defined in module
    at compileSourceTextModule (node:internal/modules/esm/utils:346:16)
    ... 7 lines matching cause stack trace ...
    at async onImport.tracePromise.__proto__ (node:internal/modules/esm/loader:680:25) {
  cause: SyntaxError: Export 'ssr_exports' is not defined in module
      at compileSourceTextModule (node:internal/modules/esm/utils:346:16)
      at ModuleLoader.moduleStrategy (node:internal/modules/esm/translators:110:18)
      at #translate (node:internal/modules/esm/loader:559:20)
      at afterLoad (node:internal/modules/esm/loader:612:29)
      at ModuleLoader.loadAndTranslate (node:internal/modules/esm/loader:617:12)
      at #createModuleJob (node:internal/modules/esm/loader:640:36)
      at #getJobFromResolveResult (node:internal/modules/esm/loader:353:34)
      at ModuleLoader.getModuleJobForImport (node:internal/modules/esm/loader:321:41)
      at async onImport.tracePromise.__proto__ (node:internal/modules/esm/loader:680:25),
  status: 500,
  statusText: undefined,
  headers: undefined,
  data: undefined,
  body: undefined,
  unhandled: true
}
SyntaxError: Export 'ssr_exports' is not defined in module
    at compileSourceTextModule (node:internal/modules/esm/utils:346:16)
    ... 7 lines matching cause stack trace ...
    at async onImport.tracePromise.__proto__ (node:internal/modules/esm/loader:680:25) {
  cause: SyntaxError: Export 'ssr_exports' is not defined in module
      at compileSourceTextModule (node:internal/modules/esm/utils:346:16)
      at ModuleLoader.moduleStrategy (node:internal/modules/esm/translators:110:18)
      at #translate (node:internal/modules/esm/loader:559:20)
      at afterLoad (node:internal/modules/esm/loader:612:29)
      at ModuleLoader.loadAndTranslate (node:internal/modules/esm/loader:617:12)
      at #createModuleJob (node:internal/modules/esm/loader:640:36)
      at #getJobFromResolveResult (node:internal/modules/esm/loader:353:34)
      at ModuleLoader.getModuleJobForImport (node:internal/modules/esm/loader:321:41)
      at async onImport.tracePromise.__proto__ (node:internal/modules/esm/loader:680:25),
  status: 500,
  statusText: undefined,
  headers: undefined,
  data: undefined,
  body: undefined,
  unhandled: true
}
SyntaxError: Export 'ssr_exports' is not defined in module
    at compileSourceTextModule (node:internal/modules/esm/utils:346:16)
    ... 7 lines matching cause stack trace ...
    at async onImport.tracePromise.__proto__ (node:internal/modules/esm/loader:680:25) {
  cause: SyntaxError: Export 'ssr_exports' is not defined in module
      at compileSourceTextModule (node:internal/modules/esm/utils:346:16)
      at ModuleLoader.moduleStrategy (node:internal/modules/esm/translators:110:18)
      at #translate (node:internal/modules/esm/loader:559:20)
      at afterLoad (node:internal/modules/esm/loader:612:29)
      at ModuleLoader.loadAndTranslate (node:internal/modules/esm/loader:617:12)
      at #createModuleJob (node:internal/modules/esm/loader:640:36)
      at #getJobFromResolveResult (node:internal/modules/esm/loader:353:34)
      at ModuleLoader.getModuleJobForImport (node:internal/modules/esm/loader:321:41)
      at async onImport.tracePromise.__proto__ (node:internal/modules/esm/loader:680:25),
  status: 500,
  statusText: undefined,
  headers: undefined,
  data: undefined,
  body: undefined,
  unhandled: true
}
SyntaxError: Export 'ssr_exports' is not defined in module
    at compileSourceTextModule (node:internal/modules/esm/utils:346:16)
    ... 7 lines matching cause stack trace ...
    at async onImport.tracePromise.__proto__ (node:internal/modules/esm/loader:680:25) {
  cause: SyntaxError: Export 'ssr_exports' is not defined in module
      at compileSourceTextModule (node:internal/modules/esm/utils:346:16)
      at ModuleLoader.moduleStrategy (node:internal/modules/esm/translators:110:18)
      at #translate (node:internal/modules/esm/loader:559:20)
      at afterLoad (node:internal/modules/esm/loader:612:29)
      at ModuleLoader.loadAndTranslate (node:internal/modules/esm/loader:617:12)
      at #createModuleJob (node:internal/modules/esm/loader:640:36)
      at #getJobFromResolveResult (node:internal/modules/esm/loader:353:34)
      at ModuleLoader.getModuleJobForImport (node:internal/modules/esm/loader:321:41)
      at async onImport.tracePromise.__proto__ (node:internal/modules/esm/loader:680:25),
  status: 500,
  statusText: undefined,
  headers: undefined,
  data: undefined,
  body: undefined,
  unhandled: true
}
SyntaxError: Export 'ssr_exports' is not defined in module
    at compileSourceTextModule (node:internal/modules/esm/utils:346:16)
    ... 7 lines matching cause stack trace ...
    at async onImport.tracePromise.__proto__ (node:internal/modules/esm/loader:680:25) {
  cause: SyntaxError: Export 'ssr_exports' is not defined in module
      at compileSourceTextModule (node:internal/modules/esm/utils:346:16)
      at ModuleLoader.moduleStrategy (node:internal/modules/esm/translators:110:18)
      at #translate (node:internal/modules/esm/loader:559:20)
      at afterLoad (node:internal/modules/esm/loader:612:29)
      at ModuleLoader.loadAndTranslate (node:internal/modules/esm/loader:617:12)
      at #createModuleJob (node:internal/modules/esm/loader:640:36)
      at #getJobFromResolveResult (node:internal/modules/esm/loader:353:34)
      at ModuleLoader.getModuleJobForImport (node:internal/modules/esm/loader:321:41)
      at async onImport.tracePromise.__proto__ (node:internal/modules/esm/loader:680:25),
  status: 500,
  statusText: undefined,
  headers: undefined,
  data: undefined,
  body: undefined,
  unhandled: true
}
SyntaxError: Export 'ssr_exports' is not defined in module
    at compileSourceTextModule (node:internal/modules/esm/utils:346:16)
    ... 7 lines matching cause stack trace ...
    at async onImport.tracePromise.__proto__ (node:internal/modules/esm/loader:680:25) {
  cause: SyntaxError: Export 'ssr_exports' is not defined in module
      at compileSourceTextModule (node:internal/modules/esm/utils:346:16)
      at ModuleLoader.moduleStrategy (node:internal/modules/esm/translators:110:18)
      at #translate (node:internal/modules/esm/loader:559:20)
      at afterLoad (node:internal/modules/esm/loader:612:29)
      at ModuleLoader.loadAndTranslate (node:internal/modules/esm/loader:617:12)
      at #createModuleJob (node:internal/modules/esm/loader:640:36)
      at #getJobFromResolveResult (node:internal/modules/esm/loader:353:34)
      at ModuleLoader.getModuleJobForImport (node:internal/modules/esm/loader:321:41)
      at async onImport.tracePromise.__proto__ (node:internal/modules/esm/loader:680:25),
  status: 500,
  statusText: undefined,
  headers: undefined,
  data: undefined,
  body: undefined,
  unhandled: true
}
SyntaxError: Export 'ssr_exports' is not defined in module
    at compileSourceTextModule (node:internal/modules/esm/utils:346:16)
    ... 7 lines matching cause stack trace ...
    at async onImport.tracePromise.__proto__ (node:internal/modules/esm/loader:680:25) {
  cause: SyntaxError: Export 'ssr_exports' is not defined in module
      at compileSourceTextModule (node:internal/modules/esm/utils:346:16)
      at ModuleLoader.moduleStrategy (node:internal/modules/esm/translators:110:18)
      at #translate (node:internal/modules/esm/loader:559:20)
      at afterLoad (node:internal/modules/esm/loader:612:29)
      at ModuleLoader.loadAndTranslate (node:internal/modules/esm/loader:617:12)
      at #createModuleJob (node:internal/modules/esm/loader:640:36)
      at #getJobFromResolveResult (node:internal/modules/esm/loader:353:34)
      at ModuleLoader.getModuleJobForImport (node:internal/modules/esm/loader:321:41)
      at async onImport.tracePromise.__proto__ (node:internal/modules/esm/loader:680:25),
  status: 500,
  statusText: undefined,
  headers: undefined,
  data: undefined,
  body: undefined,
  unhandled: true
}
SyntaxError: Export 'ssr_exports' is not defined in module
    at compileSourceTextModule (node:internal/modules/esm/utils:346:16)
    ... 7 lines matching cause stack trace ...
    at async onImport.tracePromise.__proto__ (node:internal/modules/esm/loader:680:25) {
  cause: SyntaxError: Export 'ssr_exports' is not defined in module
      at compileSourceTextModule (node:internal/modules/esm/utils:346:16)
      at ModuleLoader.moduleStrategy (node:internal/modules/esm/translators:110:18)
      at #translate (node:internal/modules/esm/loader:559:20)
      at afterLoad (node:internal/modules/esm/loader:612:29)
      at ModuleLoader.loadAndTranslate (node:internal/modules/esm/loader:617:12)
      at #createModuleJob (node:internal/modules/esm/loader:640:36)
      at #getJobFromResolveResult (node:internal/modules/esm/loader:353:34)
      at ModuleLoader.getModuleJobForImport (node:internal/modules/esm/loader:321:41)
      at async onImport.tracePromise.__proto__ (node:internal/modules/esm/loader:680:25),
  status: 500,
  statusText: undefined,
  headers: undefined,
  data: undefined,
  body: undefined,
  unhandled: true
}
SyntaxError: Export 'ssr_exports' is not defined in module
    at compileSourceTextModule (node:internal/modules/esm/utils:346:16)
    ... 7 lines matching cause stack trace ...
    at async onImport.tracePromise.__proto__ (node:internal/modules/esm/loader:680:25) {
  cause: SyntaxError: Export 'ssr_exports' is not defined in module
      at compileSourceTextModule (node:internal/modules/esm/utils:346:16)
      at ModuleLoader.moduleStrategy (node:internal/modules/esm/translators:110:18)
      at #translate (node:internal/modules/esm/loader:559:20)
      at afterLoad (node:internal/modules/esm/loader:612:29)
      at ModuleLoader.loadAndTranslate (node:internal/modules/esm/loader:617:12)
      at #createModuleJob (node:internal/modules/esm/loader:640:36)
      at #getJobFromResolveResult (node:internal/modules/esm/loader:353:34)
      at ModuleLoader.getModuleJobForImport (node:internal/modules/esm/loader:321:41)
      at async onImport.tracePromise.__proto__ (node:internal/modules/esm/loader:680:25),
  status: 500,
  statusText: undefined,
  headers: undefined,
  data: undefined,
  body: undefined,
  unhandled: true
}
SyntaxError: Export 'ssr_exports' is not defined in module
    at compileSourceTextModule (node:internal/modules/esm/utils:346:16)
    ... 7 lines matching cause stack trace ...
    at async onImport.tracePromise.__proto__ (node:internal/modules/esm/loader:680:25) {
  cause: SyntaxError: Export 'ssr_exports' is not defined in module
      at compileSourceTextModule (node:internal/modules/esm/utils:346:16)
      at ModuleLoader.moduleStrategy (node:internal/modules/esm/translators:110:18)
      at #translate (node:internal/modules/esm/loader:559:20)
      at afterLoad (node:internal/modules/esm/loader:612:29)
      at ModuleLoader.loadAndTranslate (node:internal/modules/esm/loader:617:12)
      at #createModuleJob (node:internal/modules/esm/loader:640:36)
      at #getJobFromResolveResult (node:internal/modules/esm/loader:353:34)
      at ModuleLoader.getModuleJobForImport (node:internal/modules/esm/loader:321:41)
      at async onImport.tracePromise.__proto__ (node:internal/modules/esm/loader:680:25),
  status: 500,
  statusText: undefined,
  headers: undefined,
  data: undefined,
  body: undefined,
  unhandled: true
}
SyntaxError: Export 'ssr_exports' is not defined in module
    at compileSourceTextModule (node:internal/modules/esm/utils:346:16)
    ... 7 lines matching cause stack trace ...
    at async onImport.tracePromise.__proto__ (node:internal/modules/esm/loader:680:25) {
  cause: SyntaxError: Export 'ssr_exports' is not defined in module
      at compileSourceTextModule (node:internal/modules/esm/utils:346:16)
      at ModuleLoader.moduleStrategy (node:internal/modules/esm/translators:110:18)
      at #translate (node:internal/modules/esm/loader:559:20)
      at afterLoad (node:internal/modules/esm/loader:612:29)
      at ModuleLoader.loadAndTranslate (node:internal/modules/esm/loader:617:12)
      at #createModuleJob (node:internal/modules/esm/loader:640:36)
      at #getJobFromResolveResult (node:internal/modules/esm/loader:353:34)
      at ModuleLoader.getModuleJobForImport (node:internal/modules/esm/loader:321:41)
      at async onImport.tracePromise.__proto__ (node:internal/modules/esm/loader:680:25),
  status: 500,
  statusText: undefined,
  headers: undefined,
  data: undefined,
  body: undefined,
  unhandled: true
}
SyntaxError: Export 'ssr_exports' is not defined in module
    at compileSourceTextModule (node:internal/modules/esm/utils:346:16)
    ... 7 lines matching cause stack trace ...
    at async onImport.tracePromise.__proto__ (node:internal/modules/esm/loader:680:25) {
  cause: SyntaxError: Export 'ssr_exports' is not defined in module
      at compileSourceTextModule (node:internal/modules/esm/utils:346:16)
      at ModuleLoader.moduleStrategy (node:internal/modules/esm/translators:110:18)
      at #translate (node:internal/modules/esm/loader:559:20)
      at afterLoad (node:internal/modules/esm/loader:612:29)
      at ModuleLoader.loadAndTranslate (node:internal/modules/esm/loader:617:12)
      at #createModuleJob (node:internal/modules/esm/loader:640:36)
      at #getJobFromResolveResult (node:internal/modules/esm/loader:353:34)
      at ModuleLoader.getModuleJobForImport (node:internal/modules/esm/loader:321:41)
      at async onImport.tracePromise.__proto__ (node:internal/modules/esm/loader:680:25),
  status: 500,
  statusText: undefined,
  headers: undefined,
  data: undefined,
  body: undefined,
  unhandled: true
}
SyntaxError: Export 'ssr_exports' is not defined in module
    at compileSourceTextModule (node:internal/modules/esm/utils:346:16)
    ... 7 lines matching cause stack trace ...
    at async onImport.tracePromise.__proto__ (node:internal/modules/esm/loader:680:25) {
  cause: SyntaxError: Export 'ssr_exports' is not defined in module
      at compileSourceTextModule (node:internal/modules/esm/utils:346:16)
      at ModuleLoader.moduleStrategy (node:internal/modules/esm/translators:110:18)
      at #translate (node:internal/modules/esm/loader:559:20)
      at afterLoad (node:internal/modules/esm/loader:612:29)
      at ModuleLoader.loadAndTranslate (node:internal/modules/esm/loader:617:12)
      at #createModuleJob (node:internal/modules/esm/loader:640:36)
      at #getJobFromResolveResult (node:internal/modules/esm/loader:353:34)
      at ModuleLoader.getModuleJobForImport (node:internal/modules/esm/loader:321:41)
      at async onImport.tracePromise.__proto__ (node:internal/modules/esm/loader:680:25),
  status: 500,
  statusText: undefined,
  headers: undefined,
  data: undefined,
  body: undefined,
  unhandled: true
}
SyntaxError: Export 'ssr_exports' is not defined in module
    at compileSourceTextModule (node:internal/modules/esm/utils:346:16)
    ... 7 lines matching cause stack trace ...
    at async onImport.tracePromise.__proto__ (node:internal/modules/esm/loader:680:25) {
  cause: SyntaxError: Export 'ssr_exports' is not defined in module
      at compileSourceTextModule (node:internal/modules/esm/utils:346:16)
      at ModuleLoader.moduleStrategy (node:internal/modules/esm/translators:110:18)
      at #translate (node:internal/modules/esm/loader:559:20)
      at afterLoad (node:internal/modules/esm/loader:612:29)
      at ModuleLoader.loadAndTranslate (node:internal/modules/esm/loader:617:12)
      at #createModuleJob (node:internal/modules/esm/loader:640:36)
      at #getJobFromResolveResult (node:internal/modules/esm/loader:353:34)
      at ModuleLoader.getModuleJobForImport (node:internal/modules/esm/loader:321:41)
      at async onImport.tracePromise.__proto__ (node:internal/modules/esm/loader:680:25),
  status: 500,
  statusText: undefined,
  headers: undefined,
  data: undefined,
  body: undefined,
  unhandled: true
}
SyntaxError: Export 'ssr_exports' is not defined in module
    at compileSourceTextModule (node:internal/modules/esm/utils:346:16)
    ... 7 lines matching cause stack trace ...
    at async onImport.tracePromise.__proto__ (node:internal/modules/esm/loader:680:25) {
  cause: SyntaxError: Export 'ssr_exports' is not defined in module
      at compileSourceTextModule (node:internal/modules/esm/utils:346:16)
      at ModuleLoader.moduleStrategy (node:internal/modules/esm/translators:110:18)
      at #translate (node:internal/modules/esm/loader:559:20)
      at afterLoad (node:internal/modules/esm/loader:612:29)
      at ModuleLoader.loadAndTranslate (node:internal/modules/esm/loader:617:12)
      at #createModuleJob (node:internal/modules/esm/loader:640:36)
      at #getJobFromResolveResult (node:internal/modules/esm/loader:353:34)
      at ModuleLoader.getModuleJobForImport (node:internal/modules/esm/loader:321:41)
      at async onImport.tracePromise.__proto__ (node:internal/modules/esm/loader:680:25),
  status: 500,
  statusText: undefined,
  headers: undefined,
  data: undefined,
  body: undefined,
  unhandled: true
}
SyntaxError: Export 'ssr_exports' is not defined in module
    at compileSourceTextModule (node:internal/modules/esm/utils:346:16)
    ... 7 lines matching cause stack trace ...
    at async onImport.tracePromise.__proto__ (node:internal/modules/esm/loader:680:25) {
  cause: SyntaxError: Export 'ssr_exports' is not defined in module
      at compileSourceTextModule (node:internal/modules/esm/utils:346:16)
      at ModuleLoader.moduleStrategy (node:internal/modules/esm/translators:110:18)
      at #translate (node:internal/modules/esm/loader:559:20)
      at afterLoad (node:internal/modules/esm/loader:612:29)
      at ModuleLoader.loadAndTranslate (node:internal/modules/esm/loader:617:12)
      at #createModuleJob (node:internal/modules/esm/loader:640:36)
      at #getJobFromResolveResult (node:internal/modules/esm/loader:353:34)
      at ModuleLoader.getModuleJobForImport (node:internal/modules/esm/loader:321:41)
      at async onImport.tracePromise.__proto__ (node:internal/modules/esm/loader:680:25),
  status: 500,
  statusText: undefined,
  headers: undefined,
  data: undefined,
  body: undefined,
  unhandled: true
}
SyntaxError: Export 'ssr_exports' is not defined in module
    at compileSourceTextModule (node:internal/modules/esm/utils:346:16)
    ... 7 lines matching cause stack trace ...
    at async onImport.tracePromise.__proto__ (node:internal/modules/esm/loader:680:25) {
  cause: SyntaxError: Export 'ssr_exports' is not defined in module
      at compileSourceTextModule (node:internal/modules/esm/utils:346:16)
      at ModuleLoader.moduleStrategy (node:internal/modules/esm/translators:110:18)
      at #translate (node:internal/modules/esm/loader:559:20)
      at afterLoad (node:internal/modules/esm/loader:612:29)
      at ModuleLoader.loadAndTranslate (node:internal/modules/esm/loader:617:12)
      at #createModuleJob (node:internal/modules/esm/loader:640:36)
      at #getJobFromResolveResult (node:internal/modules/esm/loader:353:34)
      at ModuleLoader.getModuleJobForImport (node:internal/modules/esm/loader:321:41)
      at async onImport.tracePromise.__proto__ (node:internal/modules/esm/loader:680:25),
  status: 500,
  statusText: undefined,
  headers: undefined,
  data: undefined,
  body: undefined,
  unhandled: true
}
SyntaxError: Export 'ssr_exports' is not defined in module
    at compileSourceTextModule (node:internal/modules/esm/utils:346:16)
    ... 7 lines matching cause stack trace ...
    at async onImport.tracePromise.__proto__ (node:internal/modules/esm/loader:680:25) {
  cause: SyntaxError: Export 'ssr_exports' is not defined in module
      at compileSourceTextModule (node:internal/modules/esm/utils:346:16)
      at ModuleLoader.moduleStrategy (node:internal/modules/esm/translators:110:18)
      at #translate (node:internal/modules/esm/loader:559:20)
      at afterLoad (node:internal/modules/esm/loader:612:29)
      at ModuleLoader.loadAndTranslate (node:internal/modules/esm/loader:617:12)
      at #createModuleJob (node:internal/modules/esm/loader:640:36)
      at #getJobFromResolveResult (node:internal/modules/esm/loader:353:34)
      at ModuleLoader.getModuleJobForImport (node:internal/modules/esm/loader:321:41)
      at async onImport.tracePromise.__proto__ (node:internal/modules/esm/loader:680:25),
  status: 500,
  statusText: undefined,
  headers: undefined,
  data: undefined,
  body: undefined,
  unhandled: true
}
SyntaxError: Export 'ssr_exports' is not defined in module
    at compileSourceTextModule (node:internal/modules/esm/utils:346:16)
    ... 7 lines matching cause stack trace ...
    at async onImport.tracePromise.__proto__ (node:internal/modules/esm/loader:680:25) {
  cause: SyntaxError: Export 'ssr_exports' is not defined in module
      at compileSourceTextModule (node:internal/modules/esm/utils:346:16)
      at ModuleLoader.moduleStrategy (node:internal/modules/esm/translators:110:18)
      at #translate (node:internal/modules/esm/loader:559:20)
      at afterLoad (node:internal/modules/esm/loader:612:29)
      at ModuleLoader.loadAndTranslate (node:internal/modules/esm/loader:617:12)
      at #createModuleJob (node:internal/modules/esm/loader:640:36)
      at #getJobFromResolveResult (node:internal/modules/esm/loader:353:34)
      at ModuleLoader.getModuleJobForImport (node:internal/modules/esm/loader:321:41)
      at async onImport.tracePromise.__proto__ (node:internal/modules/esm/loader:680:25),
  status: 500,
  statusText: undefined,
  headers: undefined,
  data: undefined,
  body: undefined,
  unhandled: true
}
SyntaxError: Export 'ssr_exports' is not defined in module
    at compileSourceTextModule (node:internal/modules/esm/utils:346:16)
    ... 7 lines matching cause stack trace ...
    at async onImport.tracePromise.__proto__ (node:internal/modules/esm/loader:680:25) {
  cause: SyntaxError: Export 'ssr_exports' is not defined in module
      at compileSourceTextModule (node:internal/modules/esm/utils:346:16)
      at ModuleLoader.moduleStrategy (node:internal/modules/esm/translators:110:18)
      at #translate (node:internal/modules/esm/loader:559:20)
      at afterLoad (node:internal/modules/esm/loader:612:29)
      at ModuleLoader.loadAndTranslate (node:internal/modules/esm/loader:617:12)
      at #createModuleJob (node:internal/modules/esm/loader:640:36)
      at #getJobFromResolveResult (node:internal/modules/esm/loader:353:34)
      at ModuleLoader.getModuleJobForImport (node:internal/modules/esm/loader:321:41)
      at async onImport.tracePromise.__proto__ (node:internal/modules/esm/loader:680:25),
  status: 500,
  statusText: undefined,
  headers: undefined,
  data: undefined,
  body: undefined,
  unhandled: true
}
SyntaxError: Export 'ssr_exports' is not defined in module
    at compileSourceTextModule (node:internal/modules/esm/utils:346:16)
    ... 7 lines matching cause stack trace ...
    at async onImport.tracePromise.__proto__ (node:internal/modules/esm/loader:680:25) {
  cause: SyntaxError: Export 'ssr_exports' is not defined in module
      at compileSourceTextModule (node:internal/modules/esm/utils:346:16)
      at ModuleLoader.moduleStrategy (node:internal/modules/esm/translators:110:18)
      at #translate (node:internal/modules/esm/loader:559:20)
      at afterLoad (node:internal/modules/esm/loader:612:29)
      at ModuleLoader.loadAndTranslate (node:internal/modules/esm/loader:617:12)
      at #createModuleJob (node:internal/modules/esm/loader:640:36)
      at #getJobFromResolveResult (node:internal/modules/esm/loader:353:34)
      at ModuleLoader.getModuleJobForImport (node:internal/modules/esm/loader:321:41)
      at async onImport.tracePromise.__proto__ (node:internal/modules/esm/loader:680:25),
  status: 500,
  statusText: undefined,
  headers: undefined,
  data: undefined,
  body: undefined,
  unhandled: true
}
SyntaxError: Export 'ssr_exports' is not defined in module
    at compileSourceTextModule (node:internal/modules/esm/utils:346:16)
    ... 7 lines matching cause stack trace ...
    at async onImport.tracePromise.__proto__ (node:internal/modules/esm/loader:680:25) {
  cause: SyntaxError: Export 'ssr_exports' is not defined in module
      at compileSourceTextModule (node:internal/modules/esm/utils:346:16)
      at ModuleLoader.moduleStrategy (node:internal/modules/esm/translators:110:18)
      at #translate (node:internal/modules/esm/loader:559:20)
      at afterLoad (node:internal/modules/esm/loader:612:29)
      at ModuleLoader.loadAndTranslate (node:internal/modules/esm/loader:617:12)
      at #createModuleJob (node:internal/modules/esm/loader:640:36)
      at #getJobFromResolveResult (node:internal/modules/esm/loader:353:34)
      at ModuleLoader.getModuleJobForImport (node:internal/modules/esm/loader:321:41)
      at async onImport.tracePromise.__proto__ (node:internal/modules/esm/loader:680:25),
  status: 500,
  statusText: undefined,
  headers: undefined,
  data: undefined,
  body: undefined,
  unhandled: true
}
SyntaxError: Export 'ssr_exports' is not defined in module
    at compileSourceTextModule (node:internal/modules/esm/utils:346:16)
    ... 7 lines matching cause stack trace ...
    at async onImport.tracePromise.__proto__ (node:internal/modules/esm/loader:680:25) {
  cause: SyntaxError: Export 'ssr_exports' is not defined in module
      at compileSourceTextModule (node:internal/modules/esm/utils:346:16)
      at ModuleLoader.moduleStrategy (node:internal/modules/esm/translators:110:18)
      at #translate (node:internal/modules/esm/loader:559:20)
      at afterLoad (node:internal/modules/esm/loader:612:29)
      at ModuleLoader.loadAndTranslate (node:internal/modules/esm/loader:617:12)
      at #createModuleJob (node:internal/modules/esm/loader:640:36)
      at #getJobFromResolveResult (node:internal/modules/esm/loader:353:34)
      at ModuleLoader.getModuleJobForImport (node:internal/modules/esm/loader:321:41)
      at async onImport.tracePromise.__proto__ (node:internal/modules/esm/loader:680:25),
  status: 500,
  statusText: undefined,
  headers: undefined,
  data: undefined,
  body: undefined,
  unhandled: true
}
SyntaxError: Export 'ssr_exports' is not defined in module
    at compileSourceTextModule (node:internal/modules/esm/utils:346:16)
    ... 7 lines matching cause stack trace ...
    at async onImport.tracePromise.__proto__ (node:internal/modules/esm/loader:680:25) {
  cause: SyntaxError: Export 'ssr_exports' is not defined in module
      at compileSourceTextModule (node:internal/modules/esm/utils:346:16)
      at ModuleLoader.moduleStrategy (node:internal/modules/esm/translators:110:18)
      at #translate (node:internal/modules/esm/loader:559:20)
      at afterLoad (node:internal/modules/esm/loader:612:29)
      at ModuleLoader.loadAndTranslate (node:internal/modules/esm/loader:617:12)
      at #createModuleJob (node:internal/modules/esm/loader:640:36)
      at #getJobFromResolveResult (node:internal/modules/esm/loader:353:34)
      at ModuleLoader.getModuleJobForImport (node:internal/modules/esm/loader:321:41)
      at async onImport.tracePromise.__proto__ (node:internal/modules/esm/loader:680:25),
  status: 500,
  statusText: undefined,
  headers: undefined,
  data: undefined,
  body: undefined,
  unhandled: true
}
SyntaxError: Export 'ssr_exports' is not defined in module
    at compileSourceTextModule (node:internal/modules/esm/utils:346:16)
    ... 7 lines matching cause stack trace ...
    at async onImport.tracePromise.__proto__ (node:internal/modules/esm/loader:680:25) {
  cause: SyntaxError: Export 'ssr_exports' is not defined in module
      at compileSourceTextModule (node:internal/modules/esm/utils:346:16)
      at ModuleLoader.moduleStrategy (node:internal/modules/esm/translators:110:18)
      at #translate (node:internal/modules/esm/loader:559:20)
      at afterLoad (node:internal/modules/esm/loader:612:29)
      at ModuleLoader.loadAndTranslate (node:internal/modules/esm/loader:617:12)
      at #createModuleJob (node:internal/modules/esm/loader:640:36)
      at #getJobFromResolveResult (node:internal/modules/esm/loader:353:34)
      at ModuleLoader.getModuleJobForImport (node:internal/modules/esm/loader:321:41)
      at async onImport.tracePromise.__proto__ (node:internal/modules/esm/loader:680:25),
  status: 500,
  statusText: undefined,
  headers: undefined,
  data: undefined,
  body: undefined,
  unhandled: true
}
SyntaxError: Export 'ssr_exports' is not defined in module
    at compileSourceTextModule (node:internal/modules/esm/utils:346:16)
    ... 7 lines matching cause stack trace ...
    at async onImport.tracePromise.__proto__ (node:internal/modules/esm/loader:680:25) {
  cause: SyntaxError: Export 'ssr_exports' is not defined in module
      at compileSourceTextModule (node:internal/modules/esm/utils:346:16)
      at ModuleLoader.moduleStrategy (node:internal/modules/esm/translators:110:18)
      at #translate (node:internal/modules/esm/loader:559:20)
      at afterLoad (node:internal/modules/esm/loader:612:29)
      at ModuleLoader.loadAndTranslate (node:internal/modules/esm/loader:617:12)
      at #createModuleJob (node:internal/modules/esm/loader:640:36)
      at #getJobFromResolveResult (node:internal/modules/esm/loader:353:34)
      at ModuleLoader.getModuleJobForImport (node:internal/modules/esm/loader:321:41)
      at async onImport.tracePromise.__proto__ (node:internal/modules/esm/loader:680:25),
  status: 500,
  statusText: undefined,
  headers: undefined,
  data: undefined,
  body: undefined,
  unhandled: true
}
SyntaxError: Export 'ssr_exports' is not defined in module
    at compileSourceTextModule (node:internal/modules/esm/utils:346:16)
    ... 7 lines matching cause stack trace ...
    at async onImport.tracePromise.__proto__ (node:internal/modules/esm/loader:680:25) {
  cause: SyntaxError: Export 'ssr_exports' is not defined in module
      at compileSourceTextModule (node:internal/modules/esm/utils:346:16)
      at ModuleLoader.moduleStrategy (node:internal/modules/esm/translators:110:18)
      at #translate (node:internal/modules/esm/loader:559:20)
      at afterLoad (node:internal/modules/esm/loader:612:29)
      at ModuleLoader.loadAndTranslate (node:internal/modules/esm/loader:617:12)
      at #createModuleJob (node:internal/modules/esm/loader:640:36)
      at #getJobFromResolveResult (node:internal/modules/esm/loader:353:34)
      at ModuleLoader.getModuleJobForImport (node:internal/modules/esm/loader:321:41)
      at async onImport.tracePromise.__proto__ (node:internal/modules/esm/loader:680:25),
  status: 500,
  statusText: undefined,
  headers: undefined,
  data: undefined,
  body: undefined,
  unhandled: true
}
SyntaxError: Export 'ssr_exports' is not defined in module
    at compileSourceTextModule (node:internal/modules/esm/utils:346:16)
    ... 7 lines matching cause stack trace ...
    at async onImport.tracePromise.__proto__ (node:internal/modules/esm/loader:680:25) {
  cause: SyntaxError: Export 'ssr_exports' is not defined in module
      at compileSourceTextModule (node:internal/modules/esm/utils:346:16)
      at ModuleLoader.moduleStrategy (node:internal/modules/esm/translators:110:18)
      at #translate (node:internal/modules/esm/loader:559:20)
      at afterLoad (node:internal/modules/esm/loader:612:29)
      at ModuleLoader.loadAndTranslate (node:internal/modules/esm/loader:617:12)
      at #createModuleJob (node:internal/modules/esm/loader:640:36)
      at #getJobFromResolveResult (node:internal/modules/esm/loader:353:34)
      at ModuleLoader.getModuleJobForImport (node:internal/modules/esm/loader:321:41)
      at async onImport.tracePromise.__proto__ (node:internal/modules/esm/loader:680:25),
  status: 500,
  statusText: undefined,
  headers: undefined,
  data: undefined,
  body: undefined,
  unhandled: true
}
SyntaxError: Export 'ssr_exports' is not defined in module
    at compileSourceTextModule (node:internal/modules/esm/utils:346:16)
    ... 7 lines matching cause stack trace ...
    at async onImport.tracePromise.__proto__ (node:internal/modules/esm/loader:680:25) {
  cause: SyntaxError: Export 'ssr_exports' is not defined in module
      at compileSourceTextModule (node:internal/modules/esm/utils:346:16)
      at ModuleLoader.moduleStrategy (node:internal/modules/esm/translators:110:18)
      at #translate (node:internal/modules/esm/loader:559:20)
      at afterLoad (node:internal/modules/esm/loader:612:29)
      at ModuleLoader.loadAndTranslate (node:internal/modules/esm/loader:617:12)
      at #createModuleJob (node:internal/modules/esm/loader:640:36)
      at #getJobFromResolveResult (node:internal/modules/esm/loader:353:34)
      at ModuleLoader.getModuleJobForImport (node:internal/modules/esm/loader:321:41)
      at async onImport.tracePromise.__proto__ (node:internal/modules/esm/loader:680:25),
  status: 500,
  statusText: undefined,
  headers: undefined,
  data: undefined,
  body: undefined,
  unhandled: true
}
SyntaxError: Export 'ssr_exports' is not defined in module
    at compileSourceTextModule (node:internal/modules/esm/utils:346:16)
    ... 7 lines matching cause stack trace ...
    at async onImport.tracePromise.__proto__ (node:internal/modules/esm/loader:680:25) {
  cause: SyntaxError: Export 'ssr_exports' is not defined in module
      at compileSourceTextModule (node:internal/modules/esm/utils:346:16)
      at ModuleLoader.moduleStrategy (node:internal/modules/esm/translators:110:18)
      at #translate (node:internal/modules/esm/loader:559:20)
      at afterLoad (node:internal/modules/esm/loader:612:29)
      at ModuleLoader.loadAndTranslate (node:internal/modules/esm/loader:617:12)
      at #createModuleJob (node:internal/modules/esm/loader:640:36)
      at #getJobFromResolveResult (node:internal/modules/esm/loader:353:34)
      at ModuleLoader.getModuleJobForImport (node:internal/modules/esm/loader:321:41)
      at async onImport.tracePromise.__proto__ (node:internal/modules/esm/loader:680:25),
  status: 500,
  statusText: undefined,
  headers: undefined,
  data: undefined,
  body: undefined,
  unhandled: true
}
SyntaxError: Export 'ssr_exports' is not defined in module
    at compileSourceTextModule (node:internal/modules/esm/utils:346:16)
    ... 7 lines matching cause stack trace ...
    at async onImport.tracePromise.__proto__ (node:internal/modules/esm/loader:680:25) {
  cause: SyntaxError: Export 'ssr_exports' is not defined in module
      at compileSourceTextModule (node:internal/modules/esm/utils:346:16)
      at ModuleLoader.moduleStrategy (node:internal/modules/esm/translators:110:18)
      at #translate (node:internal/modules/esm/loader:559:20)
      at afterLoad (node:internal/modules/esm/loader:612:29)
      at ModuleLoader.loadAndTranslate (node:internal/modules/esm/loader:617:12)
      at #createModuleJob (node:internal/modules/esm/loader:640:36)
      at #getJobFromResolveResult (node:internal/modules/esm/loader:353:34)
      at ModuleLoader.getModuleJobForImport (node:internal/modules/esm/loader:321:41)
      at async onImport.tracePromise.__proto__ (node:internal/modules/esm/loader:680:25),
  status: 500,
  statusText: undefined,
  headers: undefined,
  data: undefined,
  body: undefined,
  unhandled: true
}
SyntaxError: Export 'ssr_exports' is not defined in module
    at compileSourceTextModule (node:internal/modules/esm/utils:346:16)
    ... 7 lines matching cause stack trace ...
    at async onImport.tracePromise.__proto__ (node:internal/modules/esm/loader:680:25) {
  cause: SyntaxError: Export 'ssr_exports' is not defined in module
      at compileSourceTextModule (node:internal/modules/esm/utils:346:16)
      at ModuleLoader.moduleStrategy (node:internal/modules/esm/translators:110:18)
      at #translate (node:internal/modules/esm/loader:559:20)
      at afterLoad (node:internal/modules/esm/loader:612:29)
      at ModuleLoader.loadAndTranslate (node:internal/modules/esm/loader:617:12)
      at #createModuleJob (node:internal/modules/esm/loader:640:36)
      at #getJobFromResolveResult (node:internal/modules/esm/loader:353:34)
      at ModuleLoader.getModuleJobForImport (node:internal/modules/esm/loader:321:41)
      at async onImport.tracePromise.__proto__ (node:internal/modules/esm/loader:680:25),
  status: 500,
  statusText: undefined,
  headers: undefined,
  data: undefined,
  body: undefined,
  unhandled: true
}
SyntaxError: Export 'ssr_exports' is not defined in module
    at compileSourceTextModule (node:internal/modules/esm/utils:346:16)
    ... 7 lines matching cause stack trace ...
    at async onImport.tracePromise.__proto__ (node:internal/modules/esm/loader:680:25) {
  cause: SyntaxError: Export 'ssr_exports' is not defined in module
      at compileSourceTextModule (node:internal/modules/esm/utils:346:16)
      at ModuleLoader.moduleStrategy (node:internal/modules/esm/translators:110:18)
      at #translate (node:internal/modules/esm/loader:559:20)
      at afterLoad (node:internal/modules/esm/loader:612:29)
      at ModuleLoader.loadAndTranslate (node:internal/modules/esm/loader:617:12)
      at #createModuleJob (node:internal/modules/esm/loader:640:36)
      at #getJobFromResolveResult (node:internal/modules/esm/loader:353:34)
      at ModuleLoader.getModuleJobForImport (node:internal/modules/esm/loader:321:41)
      at async onImport.tracePromise.__proto__ (node:internal/modules/esm/loader:680:25),
  status: 500,
  statusText: undefined,
  headers: undefined,
  data: undefined,
  body: undefined,
  unhandled: true
}
SyntaxError: Export 'ssr_exports' is not defined in module
    at compileSourceTextModule (node:internal/modules/esm/utils:346:16)
    ... 7 lines matching cause stack trace ...
    at async onImport.tracePromise.__proto__ (node:internal/modules/esm/loader:680:25) {
  cause: SyntaxError: Export 'ssr_exports' is not defined in module
      at compileSourceTextModule (node:internal/modules/esm/utils:346:16)
      at ModuleLoader.moduleStrategy (node:internal/modules/esm/translators:110:18)
      at #translate (node:internal/modules/esm/loader:559:20)
      at afterLoad (node:internal/modules/esm/loader:612:29)
      at ModuleLoader.loadAndTranslate (node:internal/modules/esm/loader:617:12)
      at #createModuleJob (node:internal/modules/esm/loader:640:36)
      at #getJobFromResolveResult (node:internal/modules/esm/loader:353:34)
      at ModuleLoader.getModuleJobForImport (node:internal/modules/esm/loader:321:41)
      at async onImport.tracePromise.__proto__ (node:internal/modules/esm/loader:680:25),
  status: 500,
  statusText: undefined,
  headers: undefined,
  data: undefined,
  body: undefined,
  unhandled: true
}
SyntaxError: Export 'ssr_exports' is not defined in module
    at compileSourceTextModule (node:internal/modules/esm/utils:346:16)
    ... 7 lines matching cause stack trace ...
    at async onImport.tracePromise.__proto__ (node:internal/modules/esm/loader:680:25) {
  cause: SyntaxError: Export 'ssr_exports' is not defined in module
      at compileSourceTextModule (node:internal/modules/esm/utils:346:16)
      at ModuleLoader.moduleStrategy (node:internal/modules/esm/translators:110:18)
      at #translate (node:internal/modules/esm/loader:559:20)
      at afterLoad (node:internal/modules/esm/loader:612:29)
      at ModuleLoader.loadAndTranslate (node:internal/modules/esm/loader:617:12)
      at #createModuleJob (node:internal/modules/esm/loader:640:36)
      at #getJobFromResolveResult (node:internal/modules/esm/loader:353:34)
      at ModuleLoader.getModuleJobForImport (node:internal/modules/esm/loader:321:41)
      at async onImport.tracePromise.__proto__ (node:internal/modules/esm/loader:680:25),
  status: 500,
  statusText: undefined,
  headers: undefined,
  data: undefined,
  body: undefined,
  unhandled: true
}
SyntaxError: Export 'ssr_exports' is not defined in module
    at compileSourceTextModule (node:internal/modules/esm/utils:346:16)
    ... 7 lines matching cause stack trace ...
    at async onImport.tracePromise.__proto__ (node:internal/modules/esm/loader:680:25) {
  cause: SyntaxError: Export 'ssr_exports' is not defined in module
      at compileSourceTextModule (node:internal/modules/esm/utils:346:16)
      at ModuleLoader.moduleStrategy (node:internal/modules/esm/translators:110:18)
      at #translate (node:internal/modules/esm/loader:559:20)
      at afterLoad (node:internal/modules/esm/loader:612:29)
      at ModuleLoader.loadAndTranslate (node:internal/modules/esm/loader:617:12)
      at #createModuleJob (node:internal/modules/esm/loader:640:36)
      at #getJobFromResolveResult (node:internal/modules/esm/loader:353:34)
      at ModuleLoader.getModuleJobForImport (node:internal/modules/esm/loader:321:41)
      at async onImport.tracePromise.__proto__ (node:internal/modules/esm/loader:680:25),
  status: 500,
  statusText: undefined,
  headers: undefined,
  data: undefined,
  body: undefined,
  unhandled: true
}
SyntaxError: Export 'ssr_exports' is not defined in module
    at compileSourceTextModule (node:internal/modules/esm/utils:346:16)
    ... 7 lines matching cause stack trace ...
    at async onImport.tracePromise.__proto__ (node:internal/modules/esm/loader:680:25) {
  cause: SyntaxError: Export 'ssr_exports' is not defined in module
      at compileSourceTextModule (node:internal/modules/esm/utils:346:16)
      at ModuleLoader.moduleStrategy (node:internal/modules/esm/translators:110:18)
      at #translate (node:internal/modules/esm/loader:559:20)
      at afterLoad (node:internal/modules/esm/loader:612:29)
      at ModuleLoader.loadAndTranslate (node:internal/modules/esm/loader:617:12)
      at #createModuleJob (node:internal/modules/esm/loader:640:36)
      at #getJobFromResolveResult (node:internal/modules/esm/loader:353:34)
      at ModuleLoader.getModuleJobForImport (node:internal/modules/esm/loader:321:41)
      at async onImport.tracePromise.__proto__ (node:internal/modules/esm/loader:680:25),
  status: 500,
  statusText: undefined,
  headers: undefined,
  data: undefined,
  body: undefined,
  unhandled: true
}
SyntaxError: Export 'ssr_exports' is not defined in module
    at compileSourceTextModule (node:internal/modules/esm/utils:346:16)
    ... 7 lines matching cause stack trace ...
    at async onImport.tracePromise.__proto__ (node:internal/modules/esm/loader:680:25) {
  cause: SyntaxError: Export 'ssr_exports' is not defined in module
      at compileSourceTextModule (node:internal/modules/esm/utils:346:16)
      at ModuleLoader.moduleStrategy (node:internal/modules/esm/translators:110:18)
      at #translate (node:internal/modules/esm/loader:559:20)
      at afterLoad (node:internal/modules/esm/loader:612:29)
      at ModuleLoader.loadAndTranslate (node:internal/modules/esm/loader:617:12)
      at #createModuleJob (node:internal/modules/esm/loader:640:36)
      at #getJobFromResolveResult (node:internal/modules/esm/loader:353:34)
      at ModuleLoader.getModuleJobForImport (node:internal/modules/esm/loader:321:41)
      at async onImport.tracePromise.__proto__ (node:internal/modules/esm/loader:680:25),
  status: 500,
  statusText: undefined,
  headers: undefined,
  data: undefined,
  body: undefined,
  unhandled: true
}
SyntaxError: Export 'ssr_exports' is not defined in module
    at compileSourceTextModule (node:internal/modules/esm/utils:346:16)
    ... 7 lines matching cause stack trace ...
    at async onImport.tracePromise.__proto__ (node:internal/modules/esm/loader:680:25) {
  cause: SyntaxError: Export 'ssr_exports' is not defined in module
      at compileSourceTextModule (node:internal/modules/esm/utils:346:16)
      at ModuleLoader.moduleStrategy (node:internal/modules/esm/translators:110:18)
      at #translate (node:internal/modules/esm/loader:559:20)
      at afterLoad (node:internal/modules/esm/loader:612:29)
      at ModuleLoader.loadAndTranslate (node:internal/modules/esm/loader:617:12)
      at #createModuleJob (node:internal/modules/esm/loader:640:36)
      at #getJobFromResolveResult (node:internal/modules/esm/loader:353:34)
      at ModuleLoader.getModuleJobForImport (node:internal/modules/esm/loader:321:41)
      at async onImport.tracePromise.__proto__ (node:internal/modules/esm/loader:680:25),
  status: 500,
  statusText: undefined,
  headers: undefined,
  data: undefined,
  body: undefined,
  unhandled: true
}
SyntaxError: Export 'ssr_exports' is not defined in module
    at compileSourceTextModule (node:internal/modules/esm/utils:346:16)
    ... 7 lines matching cause stack trace ...
    at async onImport.tracePromise.__proto__ (node:internal/modules/esm/loader:680:25) {
  cause: SyntaxError: Export 'ssr_exports' is not defined in module
      at compileSourceTextModule (node:internal/modules/esm/utils:346:16)
      at ModuleLoader.moduleStrategy (node:internal/modules/esm/translators:110:18)
      at #translate (node:internal/modules/esm/loader:559:20)
      at afterLoad (node:internal/modules/esm/loader:612:29)
      at ModuleLoader.loadAndTranslate (node:internal/modules/esm/loader:617:12)
      at #createModuleJob (node:internal/modules/esm/loader:640:36)
      at #getJobFromResolveResult (node:internal/modules/esm/loader:353:34)
      at ModuleLoader.getModuleJobForImport (node:internal/modules/esm/loader:321:41)
      at async onImport.tracePromise.__proto__ (node:internal/modules/esm/loader:680:25),
  status: 500,
  statusText: undefined,
  headers: undefined,
  data: undefined,
  body: undefined,
  unhandled: true
}
SyntaxError: Export 'ssr_exports' is not defined in module
    at compileSourceTextModule (node:internal/modules/esm/utils:346:16)
    ... 7 lines matching cause stack trace ...
    at async onImport.tracePromise.__proto__ (node:internal/modules/esm/loader:680:25) {
  cause: SyntaxError: Export 'ssr_exports' is not defined in module
      at compileSourceTextModule (node:internal/modules/esm/utils:346:16)
      at ModuleLoader.moduleStrategy (node:internal/modules/esm/translators:110:18)
      at #translate (node:internal/modules/esm/loader:559:20)
      at afterLoad (node:internal/modules/esm/loader:612:29)
      at ModuleLoader.loadAndTranslate (node:internal/modules/esm/loader:617:12)
      at #createModuleJob (node:internal/modules/esm/loader:640:36)
      at #getJobFromResolveResult (node:internal/modules/esm/loader:353:34)
      at ModuleLoader.getModuleJobForImport (node:internal/modules/esm/loader:321:41)
      at async onImport.tracePromise.__proto__ (node:internal/modules/esm/loader:680:25),
  status: 500,
  statusText: undefined,
  headers: undefined,
  data: undefined,
  body: undefined,
  unhandled: true
}
SyntaxError: Export 'ssr_exports' is not defined in module
    at compileSourceTextModule (node:internal/modules/esm/utils:346:16)
    ... 7 lines matching cause stack trace ...
    at async onImport.tracePromise.__proto__ (node:internal/modules/esm/loader:680:25) {
  cause: SyntaxError: Export 'ssr_exports' is not defined in module
      at compileSourceTextModule (node:internal/modules/esm/utils:346:16)
      at ModuleLoader.moduleStrategy (node:internal/modules/esm/translators:110:18)
      at #translate (node:internal/modules/esm/loader:559:20)
      at afterLoad (node:internal/modules/esm/loader:612:29)
      at ModuleLoader.loadAndTranslate (node:internal/modules/esm/loader:617:12)
      at #createModuleJob (node:internal/modules/esm/loader:640:36)
      at #getJobFromResolveResult (node:internal/modules/esm/loader:353:34)
      at ModuleLoader.getModuleJobForImport (node:internal/modules/esm/loader:321:41)
      at async onImport.tracePromise.__proto__ (node:internal/modules/esm/loader:680:25),
  status: 500,
  statusText: undefined,
  headers: undefined,
  data: undefined,
  body: undefined,
  unhandled: true
}
SyntaxError: Export 'ssr_exports' is not defined in module
    at compileSourceTextModule (node:internal/modules/esm/utils:346:16)
    ... 7 lines matching cause stack trace ...
    at async onImport.tracePromise.__proto__ (node:internal/modules/esm/loader:680:25) {
  cause: SyntaxError: Export 'ssr_exports' is not defined in module
      at compileSourceTextModule (node:internal/modules/esm/utils:346:16)
      at ModuleLoader.moduleStrategy (node:internal/modules/esm/translators:110:18)
      at #translate (node:internal/modules/esm/loader:559:20)
      at afterLoad (node:internal/modules/esm/loader:612:29)
      at ModuleLoader.loadAndTranslate (node:internal/modules/esm/loader:617:12)
      at #createModuleJob (node:internal/modules/esm/loader:640:36)
      at #getJobFromResolveResult (node:internal/modules/esm/loader:353:34)
      at ModuleLoader.getModuleJobForImport (node:internal/modules/esm/loader:321:41)
      at async onImport.tracePromise.__proto__ (node:internal/modules/esm/loader:680:25),
  status: 500,
  statusText: undefined,
  headers: undefined,
  data: undefined,
  body: undefined,
  unhandled: true
}
SyntaxError: Export 'ssr_exports' is not defined in module
    at compileSourceTextModule (node:internal/modules/esm/utils:346:16)
    ... 7 lines matching cause stack trace ...
    at async onImport.tracePromise.__proto__ (node:internal/modules/esm/loader:680:25) {
  cause: SyntaxError: Export 'ssr_exports' is not defined in module
      at compileSourceTextModule (node:internal/modules/esm/utils:346:16)
      at ModuleLoader.moduleStrategy (node:internal/modules/esm/translators:110:18)
      at #translate (node:internal/modules/esm/loader:559:20)
      at afterLoad (node:internal/modules/esm/loader:612:29)
      at ModuleLoader.loadAndTranslate (node:internal/modules/esm/loader:617:12)
      at #createModuleJob (node:internal/modules/esm/loader:640:36)
      at #getJobFromResolveResult (node:internal/modules/esm/loader:353:34)
      at ModuleLoader.getModuleJobForImport (node:internal/modules/esm/loader:321:41)
      at async onImport.tracePromise.__proto__ (node:internal/modules/esm/loader:680:25),
  status: 500,
  statusText: undefined,
  headers: undefined,
  data: undefined,
  body: undefined,
  unhandled: true
}
SyntaxError: Export 'ssr_exports' is not defined in module
    at compileSourceTextModule (node:internal/modules/esm/utils:346:16)
    ... 7 lines matching cause stack trace ...
    at async onImport.tracePromise.__proto__ (node:internal/modules/esm/loader:680:25) {
  cause: SyntaxError: Export 'ssr_exports' is not defined in module
      at compileSourceTextModule (node:internal/modules/esm/utils:346:16)
      at ModuleLoader.moduleStrategy (node:internal/modules/esm/translators:110:18)
      at #translate (node:internal/modules/esm/loader:559:20)
      at afterLoad (node:internal/modules/esm/loader:612:29)
      at ModuleLoader.loadAndTranslate (node:internal/modules/esm/loader:617:12)
      at #createModuleJob (node:internal/modules/esm/loader:640:36)
      at #getJobFromResolveResult (node:internal/modules/esm/loader:353:34)
      at ModuleLoader.getModuleJobForImport (node:internal/modules/esm/loader:321:41)
      at async onImport.tracePromise.__proto__ (node:internal/modules/esm/loader:680:25),
  status: 500,
  statusText: undefined,
  headers: undefined,
  data: undefined,
  body: undefined,
  unhandled: true
}
SyntaxError: Export 'ssr_exports' is not defined in module
    at compileSourceTextModule (node:internal/modules/esm/utils:346:16)
    ... 7 lines matching cause stack trace ...
    at async onImport.tracePromise.__proto__ (node:internal/modules/esm/loader:680:25) {
  cause: SyntaxError: Export 'ssr_exports' is not defined in module
      at compileSourceTextModule (node:internal/modules/esm/utils:346:16)
      at ModuleLoader.moduleStrategy (node:internal/modules/esm/translators:110:18)
      at #translate (node:internal/modules/esm/loader:559:20)
      at afterLoad (node:internal/modules/esm/loader:612:29)
      at ModuleLoader.loadAndTranslate (node:internal/modules/esm/loader:617:12)
      at #createModuleJob (node:internal/modules/esm/loader:640:36)
      at #getJobFromResolveResult (node:internal/modules/esm/loader:353:34)
      at ModuleLoader.getModuleJobForImport (node:internal/modules/esm/loader:321:41)
      at async onImport.tracePromise.__proto__ (node:internal/modules/esm/loader:680:25),
  status: 500,
  statusText: undefined,
  headers: undefined,
  data: undefined,
  body: undefined,
  unhandled: true
}
SyntaxError: Export 'ssr_exports' is not defined in module
    at compileSourceTextModule (node:internal/modules/esm/utils:346:16)
    ... 7 lines matching cause stack trace ...
    at async onImport.tracePromise.__proto__ (node:internal/modules/esm/loader:680:25) {
  cause: SyntaxError: Export 'ssr_exports' is not defined in module
      at compileSourceTextModule (node:internal/modules/esm/utils:346:16)
      at ModuleLoader.moduleStrategy (node:internal/modules/esm/translators:110:18)
      at #translate (node:internal/modules/esm/loader:559:20)
      at afterLoad (node:internal/modules/esm/loader:612:29)
      at ModuleLoader.loadAndTranslate (node:internal/modules/esm/loader:617:12)
      at #createModuleJob (node:internal/modules/esm/loader:640:36)
      at #getJobFromResolveResult (node:internal/modules/esm/loader:353:34)
      at ModuleLoader.getModuleJobForImport (node:internal/modules/esm/loader:321:41)
      at async onImport.tracePromise.__proto__ (node:internal/modules/esm/loader:680:25),
  status: 500,
  statusText: undefined,
  headers: undefined,
  data: undefined,
  body: undefined,
  unhandled: true
}
SyntaxError: Export 'ssr_exports' is not defined in module
    at compileSourceTextModule (node:internal/modules/esm/utils:346:16)
    ... 7 lines matching cause stack trace ...
    at async onImport.tracePromise.__proto__ (node:internal/modules/esm/loader:680:25) {
  cause: SyntaxError: Export 'ssr_exports' is not defined in module
      at compileSourceTextModule (node:internal/modules/esm/utils:346:16)
      at ModuleLoader.moduleStrategy (node:internal/modules/esm/translators:110:18)
      at #translate (node:internal/modules/esm/loader:559:20)
      at afterLoad (node:internal/modules/esm/loader:612:29)
      at ModuleLoader.loadAndTranslate (node:internal/modules/esm/loader:617:12)
      at #createModuleJob (node:internal/modules/esm/loader:640:36)
      at #getJobFromResolveResult (node:internal/modules/esm/loader:353:34)
      at ModuleLoader.getModuleJobForImport (node:internal/modules/esm/loader:321:41)
      at async onImport.tracePromise.__proto__ (node:internal/modules/esm/loader:680:25),
  status: 500,
  statusText: undefined,
  headers: undefined,
  data: undefined,
  body: undefined,
  unhandled: true
}
SyntaxError: Export 'ssr_exports' is not defined in module
    at compileSourceTextModule (node:internal/modules/esm/utils:346:16)
    ... 7 lines matching cause stack trace ...
    at async onImport.tracePromise.__proto__ (node:internal/modules/esm/loader:680:25) {
  cause: SyntaxError: Export 'ssr_exports' is not defined in module
      at compileSourceTextModule (node:internal/modules/esm/utils:346:16)
      at ModuleLoader.moduleStrategy (node:internal/modules/esm/translators:110:18)
      at #translate (node:internal/modules/esm/loader:559:20)
      at afterLoad (node:internal/modules/esm/loader:612:29)
      at ModuleLoader.loadAndTranslate (node:internal/modules/esm/loader:617:12)
      at #createModuleJob (node:internal/modules/esm/loader:640:36)
      at #getJobFromResolveResult (node:internal/modules/esm/loader:353:34)
      at ModuleLoader.getModuleJobForImport (node:internal/modules/esm/loader:321:41)
      at async onImport.tracePromise.__proto__ (node:internal/modules/esm/loader:680:25),
  status: 500,
  statusText: undefined,
  headers: undefined,
  data: undefined,
  body: undefined,
  unhandled: true
}
SyntaxError: Export 'ssr_exports' is not defined in module
    at compileSourceTextModule (node:internal/modules/esm/utils:346:16)
    ... 7 lines matching cause stack trace ...
    at async onImport.tracePromise.__proto__ (node:internal/modules/esm/loader:680:25) {
  cause: SyntaxError: Export 'ssr_exports' is not defined in module
      at compileSourceTextModule (node:internal/modules/esm/utils:346:16)
      at ModuleLoader.moduleStrategy (node:internal/modules/esm/translators:110:18)
      at #translate (node:internal/modules/esm/loader:559:20)
      at afterLoad (node:internal/modules/esm/loader:612:29)
      at ModuleLoader.loadAndTranslate (node:internal/modules/esm/loader:617:12)
      at #createModuleJob (node:internal/modules/esm/loader:640:36)
      at #getJobFromResolveResult (node:internal/modules/esm/loader:353:34)
      at ModuleLoader.getModuleJobForImport (node:internal/modules/esm/loader:321:41)
      at async onImport.tracePromise.__proto__ (node:internal/modules/esm/loader:680:25),
  status: 500,
  statusText: undefined,
  headers: undefined,
  data: undefined,
  body: undefined,
  unhandled: true
}
SyntaxError: Export 'ssr_exports' is not defined in module
    at compileSourceTextModule (node:internal/modules/esm/utils:346:16)
    ... 7 lines matching cause stack trace ...
    at async onImport.tracePromise.__proto__ (node:internal/modules/esm/loader:680:25) {
  cause: SyntaxError: Export 'ssr_exports' is not defined in module
      at compileSourceTextModule (node:internal/modules/esm/utils:346:16)
      at ModuleLoader.moduleStrategy (node:internal/modules/esm/translators:110:18)
      at #translate (node:internal/modules/esm/loader:559:20)
      at afterLoad (node:internal/modules/esm/loader:612:29)
      at ModuleLoader.loadAndTranslate (node:internal/modules/esm/loader:617:12)
      at #createModuleJob (node:internal/modules/esm/loader:640:36)
      at #getJobFromResolveResult (node:internal/modules/esm/loader:353:34)
      at ModuleLoader.getModuleJobForImport (node:internal/modules/esm/loader:321:41)
      at async onImport.tracePromise.__proto__ (node:internal/modules/esm/loader:680:25),
  status: 500,
  statusText: undefined,
  headers: undefined,
  data: undefined,
  body: undefined,
  unhandled: true
}
SyntaxError: Export 'ssr_exports' is not defined in module
    at compileSourceTextModule (node:internal/modules/esm/utils:346:16)
    ... 7 lines matching cause stack trace ...
    at async onImport.tracePromise.__proto__ (node:internal/modules/esm/loader:680:25) {
  cause: SyntaxError: Export 'ssr_exports' is not defined in module
      at compileSourceTextModule (node:internal/modules/esm/utils:346:16)
      at ModuleLoader.moduleStrategy (node:internal/modules/esm/translators:110:18)
      at #translate (node:internal/modules/esm/loader:559:20)
      at afterLoad (node:internal/modules/esm/loader:612:29)
      at ModuleLoader.loadAndTranslate (node:internal/modules/esm/loader:617:12)
      at #createModuleJob (node:internal/modules/esm/loader:640:36)
      at #getJobFromResolveResult (node:internal/modules/esm/loader:353:34)
      at ModuleLoader.getModuleJobForImport (node:internal/modules/esm/loader:321:41)
      at async onImport.tracePromise.__proto__ (node:internal/modules/esm/loader:680:25),
  status: 500,
  statusText: undefined,
  headers: undefined,
  data: undefined,
  body: undefined,
  unhandled: true
}
SyntaxError: Export 'ssr_exports' is not defined in module
    at compileSourceTextModule (node:internal/modules/esm/utils:346:16)
    ... 7 lines matching cause stack trace ...
    at async onImport.tracePromise.__proto__ (node:internal/modules/esm/loader:680:25) {
  cause: SyntaxError: Export 'ssr_exports' is not defined in module
      at compileSourceTextModule (node:internal/modules/esm/utils:346:16)
      at ModuleLoader.moduleStrategy (node:internal/modules/esm/translators:110:18)
      at #translate (node:internal/modules/esm/loader:559:20)
      at afterLoad (node:internal/modules/esm/loader:612:29)
      at ModuleLoader.loadAndTranslate (node:internal/modules/esm/loader:617:12)
      at #createModuleJob (node:internal/modules/esm/loader:640:36)
      at #getJobFromResolveResult (node:internal/modules/esm/loader:353:34)
      at ModuleLoader.getModuleJobForImport (node:internal/modules/esm/loader:321:41)
      at async onImport.tracePromise.__proto__ (node:internal/modules/esm/loader:680:25),
  status: 500,
  statusText: undefined,
  headers: undefined,
  data: undefined,
  body: undefined,
  unhandled: true
}
SyntaxError: Export 'ssr_exports' is not defined in module
    at compileSourceTextModule (node:internal/modules/esm/utils:346:16)
    ... 7 lines matching cause stack trace ...
    at async onImport.tracePromise.__proto__ (node:internal/modules/esm/loader:680:25) {
  cause: SyntaxError: Export 'ssr_exports' is not defined in module
      at compileSourceTextModule (node:internal/modules/esm/utils:346:16)
      at ModuleLoader.moduleStrategy (node:internal/modules/esm/translators:110:18)
      at #translate (node:internal/modules/esm/loader:559:20)
      at afterLoad (node:internal/modules/esm/loader:612:29)
      at ModuleLoader.loadAndTranslate (node:internal/modules/esm/loader:617:12)
      at #createModuleJob (node:internal/modules/esm/loader:640:36)
      at #getJobFromResolveResult (node:internal/modules/esm/loader:353:34)
      at ModuleLoader.getModuleJobForImport (node:internal/modules/esm/loader:321:41)
      at async onImport.tracePromise.__proto__ (node:internal/modules/esm/loader:680:25),
  status: 500,
  statusText: undefined,
  headers: undefined,
  data: undefined,
  body: undefined,
  unhandled: true
}
SyntaxError: Export 'ssr_exports' is not defined in module
    at compileSourceTextModule (node:internal/modules/esm/utils:346:16)
    ... 7 lines matching cause stack trace ...
    at async onImport.tracePromise.__proto__ (node:internal/modules/esm/loader:680:25) {
  cause: SyntaxError: Export 'ssr_exports' is not defined in module
      at compileSourceTextModule (node:internal/modules/esm/utils:346:16)
      at ModuleLoader.moduleStrategy (node:internal/modules/esm/translators:110:18)
      at #translate (node:internal/modules/esm/loader:559:20)
      at afterLoad (node:internal/modules/esm/loader:612:29)
      at ModuleLoader.loadAndTranslate (node:internal/modules/esm/loader:617:12)
      at #createModuleJob (node:internal/modules/esm/loader:640:36)
      at #getJobFromResolveResult (node:internal/modules/esm/loader:353:34)
      at ModuleLoader.getModuleJobForImport (node:internal/modules/esm/loader:321:41)
      at async onImport.tracePromise.__proto__ (node:internal/modules/esm/loader:680:25),
  status: 500,
  statusText: undefined,
  headers: undefined,
  data: undefined,
  body: undefined,
  unhandled: true
}
SyntaxError: Export 'ssr_exports' is not defined in module
    at compileSourceTextModule (node:internal/modules/esm/utils:346:16)
    ... 7 lines matching cause stack trace ...
    at async onImport.tracePromise.__proto__ (node:internal/modules/esm/loader:680:25) {
  cause: SyntaxError: Export 'ssr_exports' is not defined in module
      at compileSourceTextModule (node:internal/modules/esm/utils:346:16)
      at ModuleLoader.moduleStrategy (node:internal/modules/esm/translators:110:18)
      at #translate (node:internal/modules/esm/loader:559:20)
      at afterLoad (node:internal/modules/esm/loader:612:29)
      at ModuleLoader.loadAndTranslate (node:internal/modules/esm/loader:617:12)
      at #createModuleJob (node:internal/modules/esm/loader:640:36)
      at #getJobFromResolveResult (node:internal/modules/esm/loader:353:34)
      at ModuleLoader.getModuleJobForImport (node:internal/modules/esm/loader:321:41)
      at async onImport.tracePromise.__proto__ (node:internal/modules/esm/loader:680:25),
  status: 500,
  statusText: undefined,
  headers: undefined,
  data: undefined,
  body: undefined,
  unhandled: true
}
SyntaxError: Export 'ssr_exports' is not defined in module
    at compileSourceTextModule (node:internal/modules/esm/utils:346:16)
    ... 7 lines matching cause stack trace ...
    at async onImport.tracePromise.__proto__ (node:internal/modules/esm/loader:680:25) {
  cause: SyntaxError: Export 'ssr_exports' is not defined in module
      at compileSourceTextModule (node:internal/modules/esm/utils:346:16)
      at ModuleLoader.moduleStrategy (node:internal/modules/esm/translators:110:18)
      at #translate (node:internal/modules/esm/loader:559:20)
      at afterLoad (node:internal/modules/esm/loader:612:29)
      at ModuleLoader.loadAndTranslate (node:internal/modules/esm/loader:617:12)
      at #createModuleJob (node:internal/modules/esm/loader:640:36)
      at #getJobFromResolveResult (node:internal/modules/esm/loader:353:34)
      at ModuleLoader.getModuleJobForImport (node:internal/modules/esm/loader:321:41)
      at async onImport.tracePromise.__proto__ (node:internal/modules/esm/loader:680:25),
  status: 500,
  statusText: undefined,
  headers: undefined,
  data: undefined,
  body: undefined,
  unhandled: true
}
SyntaxError: Export 'ssr_exports' is not defined in module
    at compileSourceTextModule (node:internal/modules/esm/utils:346:16)
    ... 7 lines matching cause stack trace ...
    at async onImport.tracePromise.__proto__ (node:internal/modules/esm/loader:680:25) {
  cause: SyntaxError: Export 'ssr_exports' is not defined in module
      at compileSourceTextModule (node:internal/modules/esm/utils:346:16)
      at ModuleLoader.moduleStrategy (node:internal/modules/esm/translators:110:18)
      at #translate (node:internal/modules/esm/loader:559:20)
      at afterLoad (node:internal/modules/esm/loader:612:29)
      at ModuleLoader.loadAndTranslate (node:internal/modules/esm/loader:617:12)
      at #createModuleJob (node:internal/modules/esm/loader:640:36)
      at #getJobFromResolveResult (node:internal/modules/esm/loader:353:34)
      at ModuleLoader.getModuleJobForImport (node:internal/modules/esm/loader:321:41)
      at async onImport.tracePromise.__proto__ (node:internal/modules/esm/loader:680:25),
  status: 500,
  statusText: undefined,
  headers: undefined,
  data: undefined,
  body: undefined,
  unhandled: true
}
SyntaxError: Export 'ssr_exports' is not defined in module
    at compileSourceTextModule (node:internal/modules/esm/utils:346:16)
    ... 7 lines matching cause stack trace ...
    at async onImport.tracePromise.__proto__ (node:internal/modules/esm/loader:680:25) {
  cause: SyntaxError: Export 'ssr_exports' is not defined in module
      at compileSourceTextModule (node:internal/modules/esm/utils:346:16)
      at ModuleLoader.moduleStrategy (node:internal/modules/esm/translators:110:18)
      at #translate (node:internal/modules/esm/loader:559:20)
      at afterLoad (node:internal/modules/esm/loader:612:29)
      at ModuleLoader.loadAndTranslate (node:internal/modules/esm/loader:617:12)
      at #createModuleJob (node:internal/modules/esm/loader:640:36)
      at #getJobFromResolveResult (node:internal/modules/esm/loader:353:34)
      at ModuleLoader.getModuleJobForImport (node:internal/modules/esm/loader:321:41)
      at async onImport.tracePromise.__proto__ (node:internal/modules/esm/loader:680:25),
  status: 500,
  statusText: undefined,
  headers: undefined,
  data: undefined,
  body: undefined,
  unhandled: true
}
SyntaxError: Export 'ssr_exports' is not defined in module
    at compileSourceTextModule (node:internal/modules/esm/utils:346:16)
    ... 7 lines matching cause stack trace ...
    at async onImport.tracePromise.__proto__ (node:internal/modules/esm/loader:680:25) {
  cause: SyntaxError: Export 'ssr_exports' is not defined in module
      at compileSourceTextModule (node:internal/modules/esm/utils:346:16)
      at ModuleLoader.moduleStrategy (node:internal/modules/esm/translators:110:18)
      at #translate (node:internal/modules/esm/loader:559:20)
      at afterLoad (node:internal/modules/esm/loader:612:29)
      at ModuleLoader.loadAndTranslate (node:internal/modules/esm/loader:617:12)
      at #createModuleJob (node:internal/modules/esm/loader:640:36)
      at #getJobFromResolveResult (node:internal/modules/esm/loader:353:34)
      at ModuleLoader.getModuleJobForImport (node:internal/modules/esm/loader:321:41)
      at async onImport.tracePromise.__proto__ (node:internal/modules/esm/loader:680:25),
  status: 500,
  statusText: undefined,
  headers: undefined,
  data: undefined,
  body: undefined,
  unhandled: true
}
SyntaxError: Export 'ssr_exports' is not defined in module
    at compileSourceTextModule (node:internal/modules/esm/utils:346:16)
    ... 7 lines matching cause stack trace ...
    at async onImport.tracePromise.__proto__ (node:internal/modules/esm/loader:680:25) {
  cause: SyntaxError: Export 'ssr_exports' is not defined in module
      at compileSourceTextModule (node:internal/modules/esm/utils:346:16)
      at ModuleLoader.moduleStrategy (node:internal/modules/esm/translators:110:18)
      at #translate (node:internal/modules/esm/loader:559:20)
      at afterLoad (node:internal/modules/esm/loader:612:29)
      at ModuleLoader.loadAndTranslate (node:internal/modules/esm/loader:617:12)
      at #createModuleJob (node:internal/modules/esm/loader:640:36)
      at #getJobFromResolveResult (node:internal/modules/esm/loader:353:34)
      at ModuleLoader.getModuleJobForImport (node:internal/modules/esm/loader:321:41)
      at async onImport.tracePromise.__proto__ (node:internal/modules/esm/loader:680:25),
  status: 500,
  statusText: undefined,
  headers: undefined,
  data: undefined,
  body: undefined,
  unhandled: true
}
SyntaxError: Export 'ssr_exports' is not defined in module
    at compileSourceTextModule (node:internal/modules/esm/utils:346:16)
    ... 7 lines matching cause stack trace ...
    at async onImport.tracePromise.__proto__ (node:internal/modules/esm/loader:680:25) {
  cause: SyntaxError: Export 'ssr_exports' is not defined in module
      at compileSourceTextModule (node:internal/modules/esm/utils:346:16)
      at ModuleLoader.moduleStrategy (node:internal/modules/esm/translators:110:18)
      at #translate (node:internal/modules/esm/loader:559:20)
      at afterLoad (node:internal/modules/esm/loader:612:29)
      at ModuleLoader.loadAndTranslate (node:internal/modules/esm/loader:617:12)
      at #createModuleJob (node:internal/modules/esm/loader:640:36)
      at #getJobFromResolveResult (node:internal/modules/esm/loader:353:34)
      at ModuleLoader.getModuleJobForImport (node:internal/modules/esm/loader:321:41)
      at async onImport.tracePromise.__proto__ (node:internal/modules/esm/loader:680:25),
  status: 500,
  statusText: undefined,
  headers: undefined,
  data: undefined,
  body: undefined,
  unhandled: true
}
SyntaxError: Export 'ssr_exports' is not defined in module
    at compileSourceTextModule (node:internal/modules/esm/utils:346:16)
    ... 7 lines matching cause stack trace ...
    at async onImport.tracePromise.__proto__ (node:internal/modules/esm/loader:680:25) {
  cause: SyntaxError: Export 'ssr_exports' is not defined in module
      at compileSourceTextModule (node:internal/modules/esm/utils:346:16)
      at ModuleLoader.moduleStrategy (node:internal/modules/esm/translators:110:18)
      at #translate (node:internal/modules/esm/loader:559:20)
      at afterLoad (node:internal/modules/esm/loader:612:29)
      at ModuleLoader.loadAndTranslate (node:internal/modules/esm/loader:617:12)
      at #createModuleJob (node:internal/modules/esm/loader:640:36)
      at #getJobFromResolveResult (node:internal/modules/esm/loader:353:34)
      at ModuleLoader.getModuleJobForImport (node:internal/modules/esm/loader:321:41)
      at async onImport.tracePromise.__proto__ (node:internal/modules/esm/loader:680:25),
  status: 500,
  statusText: undefined,
  headers: undefined,
  data: undefined,
  body: undefined,
  unhandled: true
}
SyntaxError: Export 'ssr_exports' is not defined in module
    at compileSourceTextModule (node:internal/modules/esm/utils:346:16)
    ... 7 lines matching cause stack trace ...
    at async onImport.tracePromise.__proto__ (node:internal/modules/esm/loader:680:25) {
  cause: SyntaxError: Export 'ssr_exports' is not defined in module
      at compileSourceTextModule (node:internal/modules/esm/utils:346:16)
      at ModuleLoader.moduleStrategy (node:internal/modules/esm/translators:110:18)
      at #translate (node:internal/modules/esm/loader:559:20)
      at afterLoad (node:internal/modules/esm/loader:612:29)
      at ModuleLoader.loadAndTranslate (node:internal/modules/esm/loader:617:12)
      at #createModuleJob (node:internal/modules/esm/loader:640:36)
      at #getJobFromResolveResult (node:internal/modules/esm/loader:353:34)
      at ModuleLoader.getModuleJobForImport (node:internal/modules/esm/loader:321:41)
      at async onImport.tracePromise.__proto__ (node:internal/modules/esm/loader:680:25),
  status: 500,
  statusText: undefined,
  headers: undefined,
  data: undefined,
  body: undefined,
  unhandled: true
}
SyntaxError: Export 'ssr_exports' is not defined in module
    at compileSourceTextModule (node:internal/modules/esm/utils:346:16)
    ... 7 lines matching cause stack trace ...
    at async onImport.tracePromise.__proto__ (node:internal/modules/esm/loader:680:25) {
  cause: SyntaxError: Export 'ssr_exports' is not defined in module
      at compileSourceTextModule (node:internal/modules/esm/utils:346:16)
      at ModuleLoader.moduleStrategy (node:internal/modules/esm/translators:110:18)
      at #translate (node:internal/modules/esm/loader:559:20)
      at afterLoad (node:internal/modules/esm/loader:612:29)
      at ModuleLoader.loadAndTranslate (node:internal/modules/esm/loader:617:12)
      at #createModuleJob (node:internal/modules/esm/loader:640:36)
      at #getJobFromResolveResult (node:internal/modules/esm/loader:353:34)
      at ModuleLoader.getModuleJobForImport (node:internal/modules/esm/loader:321:41)
      at async onImport.tracePromise.__proto__ (node:internal/modules/esm/loader:680:25),
  status: 500,
  statusText: undefined,
  headers: undefined,
  data: undefined,
  body: undefined,
  unhandled: true
}
SyntaxError: Export 'ssr_exports' is not defined in module
    at compileSourceTextModule (node:internal/modules/esm/utils:346:16)
    ... 7 lines matching cause stack trace ...
    at async onImport.tracePromise.__proto__ (node:internal/modules/esm/loader:680:25) {
  cause: SyntaxError: Export 'ssr_exports' is not defined in module
      at compileSourceTextModule (node:internal/modules/esm/utils:346:16)
      at ModuleLoader.moduleStrategy (node:internal/modules/esm/translators:110:18)
      at #translate (node:internal/modules/esm/loader:559:20)
      at afterLoad (node:internal/modules/esm/loader:612:29)
      at ModuleLoader.loadAndTranslate (node:internal/modules/esm/loader:617:12)
      at #createModuleJob (node:internal/modules/esm/loader:640:36)
      at #getJobFromResolveResult (node:internal/modules/esm/loader:353:34)
      at ModuleLoader.getModuleJobForImport (node:internal/modules/esm/loader:321:41)
      at async onImport.tracePromise.__proto__ (node:internal/modules/esm/loader:680:25),
  status: 500,
  statusText: undefined,
  headers: undefined,
  data: undefined,
  body: undefined,
  unhandled: true
}
SyntaxError: Export 'ssr_exports' is not defined in module
    at compileSourceTextModule (node:internal/modules/esm/utils:346:16)
    ... 7 lines matching cause stack trace ...
    at async onImport.tracePromise.__proto__ (node:internal/modules/esm/loader:680:25) {
  cause: SyntaxError: Export 'ssr_exports' is not defined in module
      at compileSourceTextModule (node:internal/modules/esm/utils:346:16)
      at ModuleLoader.moduleStrategy (node:internal/modules/esm/translators:110:18)
      at #translate (node:internal/modules/esm/loader:559:20)
      at afterLoad (node:internal/modules/esm/loader:612:29)
      at ModuleLoader.loadAndTranslate (node:internal/modules/esm/loader:617:12)
      at #createModuleJob (node:internal/modules/esm/loader:640:36)
      at #getJobFromResolveResult (node:internal/modules/esm/loader:353:34)
      at ModuleLoader.getModuleJobForImport (node:internal/modules/esm/loader:321:41)
      at async onImport.tracePromise.__proto__ (node:internal/modules/esm/loader:680:25),
  status: 500,
  statusText: undefined,
  headers: undefined,
  data: undefined,
  body: undefined,
  unhandled: true
}
SyntaxError: Export 'ssr_exports' is not defined in module
    at compileSourceTextModule (node:internal/modules/esm/utils:346:16)
    ... 7 lines matching cause stack trace ...
    at async onImport.tracePromise.__proto__ (node:internal/modules/esm/loader:680:25) {
  cause: SyntaxError: Export 'ssr_exports' is not defined in module
      at compileSourceTextModule (node:internal/modules/esm/utils:346:16)
      at ModuleLoader.moduleStrategy (node:internal/modules/esm/translators:110:18)
      at #translate (node:internal/modules/esm/loader:559:20)
      at afterLoad (node:internal/modules/esm/loader:612:29)
      at ModuleLoader.loadAndTranslate (node:internal/modules/esm/loader:617:12)
      at #createModuleJob (node:internal/modules/esm/loader:640:36)
      at #getJobFromResolveResult (node:internal/modules/esm/loader:353:34)
      at ModuleLoader.getModuleJobForImport (node:internal/modules/esm/loader:321:41)
      at async onImport.tracePromise.__proto__ (node:internal/modules/esm/loader:680:25),
  status: 500,
  statusText: undefined,
  headers: undefined,
  data: undefined,
  body: undefined,
  unhandled: true
}
SyntaxError: Export 'ssr_exports' is not defined in module
    at compileSourceTextModule (node:internal/modules/esm/utils:346:16)
    ... 7 lines matching cause stack trace ...
    at async onImport.tracePromise.__proto__ (node:internal/modules/esm/loader:680:25) {
  cause: SyntaxError: Export 'ssr_exports' is not defined in module
      at compileSourceTextModule (node:internal/modules/esm/utils:346:16)
      at ModuleLoader.moduleStrategy (node:internal/modules/esm/translators:110:18)
      at #translate (node:internal/modules/esm/loader:559:20)
      at afterLoad (node:internal/modules/esm/loader:612:29)
      at ModuleLoader.loadAndTranslate (node:internal/modules/esm/loader:617:12)
      at #createModuleJob (node:internal/modules/esm/loader:640:36)
      at #getJobFromResolveResult (node:internal/modules/esm/loader:353:34)
      at ModuleLoader.getModuleJobForImport (node:internal/modules/esm/loader:321:41)
      at async onImport.tracePromise.__proto__ (node:internal/modules/esm/loader:680:25),
  status: 500,
  statusText: undefined,
  headers: undefined,
  data: undefined,
  body: undefined,
  unhandled: true
}
SyntaxError: Export 'ssr_exports' is not defined in module
    at compileSourceTextModule (node:internal/modules/esm/utils:346:16)
    ... 7 lines matching cause stack trace ...
    at async onImport.tracePromise.__proto__ (node:internal/modules/esm/loader:680:25) {
  cause: SyntaxError: Export 'ssr_exports' is not defined in module
      at compileSourceTextModule (node:internal/modules/esm/utils:346:16)
      at ModuleLoader.moduleStrategy (node:internal/modules/esm/translators:110:18)
      at #translate (node:internal/modules/esm/loader:559:20)
      at afterLoad (node:internal/modules/esm/loader:612:29)
      at ModuleLoader.loadAndTranslate (node:internal/modules/esm/loader:617:12)
      at #createModuleJob (node:internal/modules/esm/loader:640:36)
      at #getJobFromResolveResult (node:internal/modules/esm/loader:353:34)
      at ModuleLoader.getModuleJobForImport (node:internal/modules/esm/loader:321:41)
      at async onImport.tracePromise.__proto__ (node:internal/modules/esm/loader:680:25),
  status: 500,
  statusText: undefined,
  headers: undefined,
  data: undefined,
  body: undefined,
  unhandled: true
}
SyntaxError: Export 'ssr_exports' is not defined in module
    at compileSourceTextModule (node:internal/modules/esm/utils:346:16)
    ... 7 lines matching cause stack trace ...
    at async onImport.tracePromise.__proto__ (node:internal/modules/esm/loader:680:25) {
  cause: SyntaxError: Export 'ssr_exports' is not defined in module
      at compileSourceTextModule (node:internal/modules/esm/utils:346:16)
      at ModuleLoader.moduleStrategy (node:internal/modules/esm/translators:110:18)
      at #translate (node:internal/modules/esm/loader:559:20)
      at afterLoad (node:internal/modules/esm/loader:612:29)
      at ModuleLoader.loadAndTranslate (node:internal/modules/esm/loader:617:12)
      at #createModuleJob (node:internal/modules/esm/loader:640:36)
      at #getJobFromResolveResult (node:internal/modules/esm/loader:353:34)
      at ModuleLoader.getModuleJobForImport (node:internal/modules/esm/loader:321:41)
      at async onImport.tracePromise.__proto__ (node:internal/modules/esm/loader:680:25),
  status: 500,
  statusText: undefined,
  headers: undefined,
  data: undefined,
  body: undefined,
  unhandled: true
}
SyntaxError: Export 'ssr_exports' is not defined in module
    at compileSourceTextModule (node:internal/modules/esm/utils:346:16)
    ... 7 lines matching cause stack trace ...
    at async onImport.tracePromise.__proto__ (node:internal/modules/esm/loader:680:25) {
  cause: SyntaxError: Export 'ssr_exports' is not defined in module
      at compileSourceTextModule (node:internal/modules/esm/utils:346:16)
      at ModuleLoader.moduleStrategy (node:internal/modules/esm/translators:110:18)
      at #translate (node:internal/modules/esm/loader:559:20)
      at afterLoad (node:internal/modules/esm/loader:612:29)
      at ModuleLoader.loadAndTranslate (node:internal/modules/esm/loader:617:12)
      at #createModuleJob (node:internal/modules/esm/loader:640:36)
      at #getJobFromResolveResult (node:internal/modules/esm/loader:353:34)
      at ModuleLoader.getModuleJobForImport (node:internal/modules/esm/loader:321:41)
      at async onImport.tracePromise.__proto__ (node:internal/modules/esm/loader:680:25),
  status: 500,
  statusText: undefined,
  headers: undefined,
  data: undefined,
  body: undefined,
  unhandled: true
}
SyntaxError: Export 'ssr_exports' is not defined in module
    at compileSourceTextModule (node:internal/modules/esm/utils:346:16)
    ... 7 lines matching cause stack trace ...
    at async onImport.tracePromise.__proto__ (node:internal/modules/esm/loader:680:25) {
  cause: SyntaxError: Export 'ssr_exports' is not defined in module
      at compileSourceTextModule (node:internal/modules/esm/utils:346:16)
      at ModuleLoader.moduleStrategy (node:internal/modules/esm/translators:110:18)
      at #translate (node:internal/modules/esm/loader:559:20)
      at afterLoad (node:internal/modules/esm/loader:612:29)
      at ModuleLoader.loadAndTranslate (node:internal/modules/esm/loader:617:12)
      at #createModuleJob (node:internal/modules/esm/loader:640:36)
      at #getJobFromResolveResult (node:internal/modules/esm/loader:353:34)
      at ModuleLoader.getModuleJobForImport (node:internal/modules/esm/loader:321:41)
      at async onImport.tracePromise.__proto__ (node:internal/modules/esm/loader:680:25),
  status: 500,
  statusText: undefined,
  headers: undefined,
  data: undefined,
  body: undefined,
  unhandled: true
}
SyntaxError: Export 'ssr_exports' is not defined in module
    at compileSourceTextModule (node:internal/modules/esm/utils:346:16)
    ... 7 lines matching cause stack trace ...
    at async onImport.tracePromise.__proto__ (node:internal/modules/esm/loader:680:25) {
  cause: SyntaxError: Export 'ssr_exports' is not defined in module
      at compileSourceTextModule (node:internal/modules/esm/utils:346:16)
      at ModuleLoader.moduleStrategy (node:internal/modules/esm/translators:110:18)
      at #translate (node:internal/modules/esm/loader:559:20)
      at afterLoad (node:internal/modules/esm/loader:612:29)
      at ModuleLoader.loadAndTranslate (node:internal/modules/esm/loader:617:12)
      at #createModuleJob (node:internal/modules/esm/loader:640:36)
      at #getJobFromResolveResult (node:internal/modules/esm/loader:353:34)
      at ModuleLoader.getModuleJobForImport (node:internal/modules/esm/loader:321:41)
      at async onImport.tracePromise.__proto__ (node:internal/modules/esm/loader:680:25),
  status: 500,
  statusText: undefined,
  headers: undefined,
  data: undefined,
  body: undefined,
  unhandled: true
}
SyntaxError: Export 'ssr_exports' is not defined in module
    at compileSourceTextModule (node:internal/modules/esm/utils:346:16)
    ... 7 lines matching cause stack trace ...
    at async onImport.tracePromise.__proto__ (node:internal/modules/esm/loader:680:25) {
  cause: SyntaxError: Export 'ssr_exports' is not defined in module
      at compileSourceTextModule (node:internal/modules/esm/utils:346:16)
      at ModuleLoader.moduleStrategy (node:internal/modules/esm/translators:110:18)
      at #translate (node:internal/modules/esm/loader:559:20)
      at afterLoad (node:internal/modules/esm/loader:612:29)
      at ModuleLoader.loadAndTranslate (node:internal/modules/esm/loader:617:12)
      at #createModuleJob (node:internal/modules/esm/loader:640:36)
      at #getJobFromResolveResult (node:internal/modules/esm/loader:353:34)
      at ModuleLoader.getModuleJobForImport (node:internal/modules/esm/loader:321:41)
      at async onImport.tracePromise.__proto__ (node:internal/modules/esm/loader:680:25),
  status: 500,
  statusText: undefined,
  headers: undefined,
  data: undefined,
  body: undefined,
  unhandled: true
}
SyntaxError: Export 'ssr_exports' is not defined in module
    at compileSourceTextModule (node:internal/modules/esm/utils:346:16)
    ... 7 lines matching cause stack trace ...
    at async onImport.tracePromise.__proto__ (node:internal/modules/esm/loader:680:25) {
  cause: SyntaxError: Export 'ssr_exports' is not defined in module
      at compileSourceTextModule (node:internal/modules/esm/utils:346:16)
      at ModuleLoader.moduleStrategy (node:internal/modules/esm/translators:110:18)
      at #translate (node:internal/modules/esm/loader:559:20)
      at afterLoad (node:internal/modules/esm/loader:612:29)
      at ModuleLoader.loadAndTranslate (node:internal/modules/esm/loader:617:12)
      at #createModuleJob (node:internal/modules/esm/loader:640:36)
      at #getJobFromResolveResult (node:internal/modules/esm/loader:353:34)
      at ModuleLoader.getModuleJobForImport (node:internal/modules/esm/loader:321:41)
      at async onImport.tracePromise.__proto__ (node:internal/modules/esm/loader:680:25),
  status: 500,
  statusText: undefined,
  headers: undefined,
  data: undefined,
  body: undefined,
  unhandled: true
}
SyntaxError: Export 'ssr_exports' is not defined in module
    at compileSourceTextModule (node:internal/modules/esm/utils:346:16)
    ... 7 lines matching cause stack trace ...
    at async onImport.tracePromise.__proto__ (node:internal/modules/esm/loader:680:25) {
  cause: SyntaxError: Export 'ssr_exports' is not defined in module
      at compileSourceTextModule (node:internal/modules/esm/utils:346:16)
      at ModuleLoader.moduleStrategy (node:internal/modules/esm/translators:110:18)
      at #translate (node:internal/modules/esm/loader:559:20)
      at afterLoad (node:internal/modules/esm/loader:612:29)
      at ModuleLoader.loadAndTranslate (node:internal/modules/esm/loader:617:12)
      at #createModuleJob (node:internal/modules/esm/loader:640:36)
      at #getJobFromResolveResult (node:internal/modules/esm/loader:353:34)
      at ModuleLoader.getModuleJobForImport (node:internal/modules/esm/loader:321:41)
      at async onImport.tracePromise.__proto__ (node:internal/modules/esm/loader:680:25),
  status: 500,
  statusText: undefined,
  headers: undefined,
  data: undefined,
  body: undefined,
  unhandled: true
}
SyntaxError: Export 'ssr_exports' is not defined in module
    at compileSourceTextModule (node:internal/modules/esm/utils:346:16)
    ... 7 lines matching cause stack trace ...
    at async onImport.tracePromise.__proto__ (node:internal/modules/esm/loader:680:25) {
  cause: SyntaxError: Export 'ssr_exports' is not defined in module
      at compileSourceTextModule (node:internal/modules/esm/utils:346:16)
      at ModuleLoader.moduleStrategy (node:internal/modules/esm/translators:110:18)
      at #translate (node:internal/modules/esm/loader:559:20)
      at afterLoad (node:internal/modules/esm/loader:612:29)
      at ModuleLoader.loadAndTranslate (node:internal/modules/esm/loader:617:12)
      at #createModuleJob (node:internal/modules/esm/loader:640:36)
      at #getJobFromResolveResult (node:internal/modules/esm/loader:353:34)
      at ModuleLoader.getModuleJobForImport (node:internal/modules/esm/loader:321:41)
      at async onImport.tracePromise.__proto__ (node:internal/modules/esm/loader:680:25),
  status: 500,
  statusText: undefined,
  headers: undefined,
  data: undefined,
  body: undefined,
  unhandled: true
}
SyntaxError: Export 'ssr_exports' is not defined in module
    at compileSourceTextModule (node:internal/modules/esm/utils:346:16)
    ... 7 lines matching cause stack trace ...
    at async onImport.tracePromise.__proto__ (node:internal/modules/esm/loader:680:25) {
  cause: SyntaxError: Export 'ssr_exports' is not defined in module
      at compileSourceTextModule (node:internal/modules/esm/utils:346:16)
      at ModuleLoader.moduleStrategy (node:internal/modules/esm/translators:110:18)
      at #translate (node:internal/modules/esm/loader:559:20)
      at afterLoad (node:internal/modules/esm/loader:612:29)
      at ModuleLoader.loadAndTranslate (node:internal/modules/esm/loader:617:12)
      at #createModuleJob (node:internal/modules/esm/loader:640:36)
      at #getJobFromResolveResult (node:internal/modules/esm/loader:353:34)
      at ModuleLoader.getModuleJobForImport (node:internal/modules/esm/loader:321:41)
      at async onImport.tracePromise.__proto__ (node:internal/modules/esm/loader:680:25),
  status: 500,
  statusText: undefined,
  headers: undefined,
  data: undefined,
  body: undefined,
  unhandled: true
}
SyntaxError: Export 'ssr_exports' is not defined in module
    at compileSourceTextModule (node:internal/modules/esm/utils:346:16)
    ... 7 lines matching cause stack trace ...
    at async onImport.tracePromise.__proto__ (node:internal/modules/esm/loader:680:25) {
  cause: SyntaxError: Export 'ssr_exports' is not defined in module
      at compileSourceTextModule (node:internal/modules/esm/utils:346:16)
      at ModuleLoader.moduleStrategy (node:internal/modules/esm/translators:110:18)
      at #translate (node:internal/modules/esm/loader:559:20)
      at afterLoad (node:internal/modules/esm/loader:612:29)
      at ModuleLoader.loadAndTranslate (node:internal/modules/esm/loader:617:12)
      at #createModuleJob (node:internal/modules/esm/loader:640:36)
      at #getJobFromResolveResult (node:internal/modules/esm/loader:353:34)
      at ModuleLoader.getModuleJobForImport (node:internal/modules/esm/loader:321:41)
      at async onImport.tracePromise.__proto__ (node:internal/modules/esm/loader:680:25),
  status: 500,
  statusText: undefined,
  headers: undefined,
  data: undefined,
  body: undefined,
  unhandled: true
}
SyntaxError: Export 'ssr_exports' is not defined in module
    at compileSourceTextModule (node:internal/modules/esm/utils:346:16)
    ... 7 lines matching cause stack trace ...
    at async onImport.tracePromise.__proto__ (node:internal/modules/esm/loader:680:25) {
  cause: SyntaxError: Export 'ssr_exports' is not defined in module
      at compileSourceTextModule (node:internal/modules/esm/utils:346:16)
      at ModuleLoader.moduleStrategy (node:internal/modules/esm/translators:110:18)
      at #translate (node:internal/modules/esm/loader:559:20)
      at afterLoad (node:internal/modules/esm/loader:612:29)
      at ModuleLoader.loadAndTranslate (node:internal/modules/esm/loader:617:12)
      at #createModuleJob (node:internal/modules/esm/loader:640:36)
      at #getJobFromResolveResult (node:internal/modules/esm/loader:353:34)
      at ModuleLoader.getModuleJobForImport (node:internal/modules/esm/loader:321:41)
      at async onImport.tracePromise.__proto__ (node:internal/modules/esm/loader:680:25),
  status: 500,
  statusText: undefined,
  headers: undefined,
  data: undefined,
  body: undefined,
  unhandled: true
}
SyntaxError: Export 'ssr_exports' is not defined in module
    at compileSourceTextModule (node:internal/modules/esm/utils:346:16)
    ... 7 lines matching cause stack trace ...
    at async onImport.tracePromise.__proto__ (node:internal/modules/esm/loader:680:25) {
  cause: SyntaxError: Export 'ssr_exports' is not defined in module
      at compileSourceTextModule (node:internal/modules/esm/utils:346:16)
      at ModuleLoader.moduleStrategy (node:internal/modules/esm/translators:110:18)
      at #translate (node:internal/modules/esm/loader:559:20)
      at afterLoad (node:internal/modules/esm/loader:612:29)
      at ModuleLoader.loadAndTranslate (node:internal/modules/esm/loader:617:12)
      at #createModuleJob (node:internal/modules/esm/loader:640:36)
      at #getJobFromResolveResult (node:internal/modules/esm/loader:353:34)
      at ModuleLoader.getModuleJobForImport (node:internal/modules/esm/loader:321:41)
      at async onImport.tracePromise.__proto__ (node:internal/modules/esm/loader:680:25),
  status: 500,
  statusText: undefined,
  headers: undefined,
  data: undefined,
  body: undefined,
  unhandled: true
}
SyntaxError: Export 'ssr_exports' is not defined in module
    at compileSourceTextModule (node:internal/modules/esm/utils:346:16)
    ... 7 lines matching cause stack trace ...
    at async onImport.tracePromise.__proto__ (node:internal/modules/esm/loader:680:25) {
  cause: SyntaxError: Export 'ssr_exports' is not defined in module
      at compileSourceTextModule (node:internal/modules/esm/utils:346:16)
      at ModuleLoader.moduleStrategy (node:internal/modules/esm/translators:110:18)
      at #translate (node:internal/modules/esm/loader:559:20)
      at afterLoad (node:internal/modules/esm/loader:612:29)
      at ModuleLoader.loadAndTranslate (node:internal/modules/esm/loader:617:12)
      at #createModuleJob (node:internal/modules/esm/loader:640:36)
      at #getJobFromResolveResult (node:internal/modules/esm/loader:353:34)
      at ModuleLoader.getModuleJobForImport (node:internal/modules/esm/loader:321:41)
      at async onImport.tracePromise.__proto__ (node:internal/modules/esm/loader:680:25),
  status: 500,
  statusText: undefined,
  headers: undefined,
  data: undefined,
  body: undefined,
  unhandled: true
}
SyntaxError: Export 'ssr_exports' is not defined in module
    at compileSourceTextModule (node:internal/modules/esm/utils:346:16)
    ... 7 lines matching cause stack trace ...
    at async onImport.tracePromise.__proto__ (node:internal/modules/esm/loader:680:25) {
  cause: SyntaxError: Export 'ssr_exports' is not defined in module
      at compileSourceTextModule (node:internal/modules/esm/utils:346:16)
      at ModuleLoader.moduleStrategy (node:internal/modules/esm/translators:110:18)
      at #translate (node:internal/modules/esm/loader:559:20)
      at afterLoad (node:internal/modules/esm/loader:612:29)
      at ModuleLoader.loadAndTranslate (node:internal/modules/esm/loader:617:12)
      at #createModuleJob (node:internal/modules/esm/loader:640:36)
      at #getJobFromResolveResult (node:internal/modules/esm/loader:353:34)
      at ModuleLoader.getModuleJobForImport (node:internal/modules/esm/loader:321:41)
      at async onImport.tracePromise.__proto__ (node:internal/modules/esm/loader:680:25),
  status: 500,
  statusText: undefined,
  headers: undefined,
  data: undefined,
  body: undefined,
  unhandled: true
}
SyntaxError: Export 'ssr_exports' is not defined in module
    at compileSourceTextModule (node:internal/modules/esm/utils:346:16)
    ... 7 lines matching cause stack trace ...
    at async onImport.tracePromise.__proto__ (node:internal/modules/esm/loader:680:25) {
  cause: SyntaxError: Export 'ssr_exports' is not defined in module
      at compileSourceTextModule (node:internal/modules/esm/utils:346:16)
      at ModuleLoader.moduleStrategy (node:internal/modules/esm/translators:110:18)
      at #translate (node:internal/modules/esm/loader:559:20)
      at afterLoad (node:internal/modules/esm/loader:612:29)
      at ModuleLoader.loadAndTranslate (node:internal/modules/esm/loader:617:12)
      at #createModuleJob (node:internal/modules/esm/loader:640:36)
      at #getJobFromResolveResult (node:internal/modules/esm/loader:353:34)
      at ModuleLoader.getModuleJobForImport (node:internal/modules/esm/loader:321:41)
      at async onImport.tracePromise.__proto__ (node:internal/modules/esm/loader:680:25),
  status: 500,
  statusText: undefined,
  headers: undefined,
  data: undefined,
  body: undefined,
  unhandled: true
}
SyntaxError: Export 'ssr_exports' is not defined in module
    at compileSourceTextModule (node:internal/modules/esm/utils:346:16)
    ... 7 lines matching cause stack trace ...
    at async onImport.tracePromise.__proto__ (node:internal/modules/esm/loader:680:25) {
  cause: SyntaxError: Export 'ssr_exports' is not defined in module
      at compileSourceTextModule (node:internal/modules/esm/utils:346:16)
      at ModuleLoader.moduleStrategy (node:internal/modules/esm/translators:110:18)
      at #translate (node:internal/modules/esm/loader:559:20)
      at afterLoad (node:internal/modules/esm/loader:612:29)
      at ModuleLoader.loadAndTranslate (node:internal/modules/esm/loader:617:12)
      at #createModuleJob (node:internal/modules/esm/loader:640:36)
      at #getJobFromResolveResult (node:internal/modules/esm/loader:353:34)
      at ModuleLoader.getModuleJobForImport (node:internal/modules/esm/loader:321:41)
      at async onImport.tracePromise.__proto__ (node:internal/modules/esm/loader:680:25),
  status: 500,
  statusText: undefined,
  headers: undefined,
  data: undefined,
  body: undefined,
  unhandled: true
}
SyntaxError: Export 'ssr_exports' is not defined in module
    at compileSourceTextModule (node:internal/modules/esm/utils:346:16)
    ... 7 lines matching cause stack trace ...
    at async onImport.tracePromise.__proto__ (node:internal/modules/esm/loader:680:25) {
  cause: SyntaxError: Export 'ssr_exports' is not defined in module
      at compileSourceTextModule (node:internal/modules/esm/utils:346:16)
      at ModuleLoader.moduleStrategy (node:internal/modules/esm/translators:110:18)
      at #translate (node:internal/modules/esm/loader:559:20)
      at afterLoad (node:internal/modules/esm/loader:612:29)
      at ModuleLoader.loadAndTranslate (node:internal/modules/esm/loader:617:12)
      at #createModuleJob (node:internal/modules/esm/loader:640:36)
      at #getJobFromResolveResult (node:internal/modules/esm/loader:353:34)
      at ModuleLoader.getModuleJobForImport (node:internal/modules/esm/loader:321:41)
      at async onImport.tracePromise.__proto__ (node:internal/modules/esm/loader:680:25),
  status: 500,
  statusText: undefined,
  headers: undefined,
  data: undefined,
  body: undefined,
  unhandled: true
}
SyntaxError: Export 'ssr_exports' is not defined in module
    at compileSourceTextModule (node:internal/modules/esm/utils:346:16)
    ... 7 lines matching cause stack trace ...
    at async onImport.tracePromise.__proto__ (node:internal/modules/esm/loader:680:25) {
  cause: SyntaxError: Export 'ssr_exports' is not defined in module
      at compileSourceTextModule (node:internal/modules/esm/utils:346:16)
      at ModuleLoader.moduleStrategy (node:internal/modules/esm/translators:110:18)
      at #translate (node:internal/modules/esm/loader:559:20)
      at afterLoad (node:internal/modules/esm/loader:612:29)
      at ModuleLoader.loadAndTranslate (node:internal/modules/esm/loader:617:12)
      at #createModuleJob (node:internal/modules/esm/loader:640:36)
      at #getJobFromResolveResult (node:internal/modules/esm/loader:353:34)
      at ModuleLoader.getModuleJobForImport (node:internal/modules/esm/loader:321:41)
      at async onImport.tracePromise.__proto__ (node:internal/modules/esm/loader:680:25),
  status: 500,
  statusText: undefined,
  headers: undefined,
  data: undefined,
  body: undefined,
  unhandled: true
}
SyntaxError: Export 'ssr_exports' is not defined in module
    at compileSourceTextModule (node:internal/modules/esm/utils:346:16)
    ... 7 lines matching cause stack trace ...
    at async onImport.tracePromise.__proto__ (node:internal/modules/esm/loader:680:25) {
  cause: SyntaxError: Export 'ssr_exports' is not defined in module
      at compileSourceTextModule (node:internal/modules/esm/utils:346:16)
      at ModuleLoader.moduleStrategy (node:internal/modules/esm/translators:110:18)
      at #translate (node:internal/modules/esm/loader:559:20)
      at afterLoad (node:internal/modules/esm/loader:612:29)
      at ModuleLoader.loadAndTranslate (node:internal/modules/esm/loader:617:12)
      at #createModuleJob (node:internal/modules/esm/loader:640:36)
      at #getJobFromResolveResult (node:internal/modules/esm/loader:353:34)
      at ModuleLoader.getModuleJobForImport (node:internal/modules/esm/loader:321:41)
      at async onImport.tracePromise.__proto__ (node:internal/modules/esm/loader:680:25),
  status: 500,
  statusText: undefined,
  headers: undefined,
  data: undefined,
  body: undefined,
  unhandled: true
}
SyntaxError: Export 'ssr_exports' is not defined in module
    at compileSourceTextModule (node:internal/modules/esm/utils:346:16)
    ... 7 lines matching cause stack trace ...
    at async onImport.tracePromise.__proto__ (node:internal/modules/esm/loader:680:25) {
  cause: SyntaxError: Export 'ssr_exports' is not defined in module
      at compileSourceTextModule (node:internal/modules/esm/utils:346:16)
      at ModuleLoader.moduleStrategy (node:internal/modules/esm/translators:110:18)
      at #translate (node:internal/modules/esm/loader:559:20)
      at afterLoad (node:internal/modules/esm/loader:612:29)
      at ModuleLoader.loadAndTranslate (node:internal/modules/esm/loader:617:12)
      at #createModuleJob (node:internal/modules/esm/loader:640:36)
      at #getJobFromResolveResult (node:internal/modules/esm/loader:353:34)
      at ModuleLoader.getModuleJobForImport (node:internal/modules/esm/loader:321:41)
      at async onImport.tracePromise.__proto__ (node:internal/modules/esm/loader:680:25),
  status: 500,
  statusText: undefined,
  headers: undefined,
  data: undefined,
  body: undefined,
  unhandled: true
}
SyntaxError: Export 'ssr_exports' is not defined in module
    at compileSourceTextModule (node:internal/modules/esm/utils:346:16)
    ... 7 lines matching cause stack trace ...
    at async onImport.tracePromise.__proto__ (node:internal/modules/esm/loader:680:25) {
  cause: SyntaxError: Export 'ssr_exports' is not defined in module
      at compileSourceTextModule (node:internal/modules/esm/utils:346:16)
      at ModuleLoader.moduleStrategy (node:internal/modules/esm/translators:110:18)
      at #translate (node:internal/modules/esm/loader:559:20)
      at afterLoad (node:internal/modules/esm/loader:612:29)
      at ModuleLoader.loadAndTranslate (node:internal/modules/esm/loader:617:12)
      at #createModuleJob (node:internal/modules/esm/loader:640:36)
      at #getJobFromResolveResult (node:internal/modules/esm/loader:353:34)
      at ModuleLoader.getModuleJobForImport (node:internal/modules/esm/loader:321:41)
      at async onImport.tracePromise.__proto__ (node:internal/modules/esm/loader:680:25),
  status: 500,
  statusText: undefined,
  headers: undefined,
  data: undefined,
  body: undefined,
  unhandled: true
}
SyntaxError: Export 'ssr_exports' is not defined in module
    at compileSourceTextModule (node:internal/modules/esm/utils:346:16)
    ... 7 lines matching cause stack trace ...
    at async onImport.tracePromise.__proto__ (node:internal/modules/esm/loader:680:25) {
  cause: SyntaxError: Export 'ssr_exports' is not defined in module
      at compileSourceTextModule (node:internal/modules/esm/utils:346:16)
      at ModuleLoader.moduleStrategy (node:internal/modules/esm/translators:110:18)
      at #translate (node:internal/modules/esm/loader:559:20)
      at afterLoad (node:internal/modules/esm/loader:612:29)
      at ModuleLoader.loadAndTranslate (node:internal/modules/esm/loader:617:12)
      at #createModuleJob (node:internal/modules/esm/loader:640:36)
      at #getJobFromResolveResult (node:internal/modules/esm/loader:353:34)
      at ModuleLoader.getModuleJobForImport (node:internal/modules/esm/loader:321:41)
      at async onImport.tracePromise.__proto__ (node:internal/modules/esm/loader:680:25),
  status: 500,
  statusText: undefined,
  headers: undefined,
  data: undefined,
  body: undefined,
  unhandled: true
}
SyntaxError: Export 'ssr_exports' is not defined in module
    at compileSourceTextModule (node:internal/modules/esm/utils:346:16)
    ... 7 lines matching cause stack trace ...
    at async onImport.tracePromise.__proto__ (node:internal/modules/esm/loader:680:25) {
  cause: SyntaxError: Export 'ssr_exports' is not defined in module
      at compileSourceTextModule (node:internal/modules/esm/utils:346:16)
      at ModuleLoader.moduleStrategy (node:internal/modules/esm/translators:110:18)
      at #translate (node:internal/modules/esm/loader:559:20)
      at afterLoad (node:internal/modules/esm/loader:612:29)
      at ModuleLoader.loadAndTranslate (node:internal/modules/esm/loader:617:12)
      at #createModuleJob (node:internal/modules/esm/loader:640:36)
      at #getJobFromResolveResult (node:internal/modules/esm/loader:353:34)
      at ModuleLoader.getModuleJobForImport (node:internal/modules/esm/loader:321:41)
      at async onImport.tracePromise.__proto__ (node:internal/modules/esm/loader:680:25),
  status: 500,
  statusText: undefined,
  headers: undefined,
  data: undefined,
  body: undefined,
  unhandled: true
}
SyntaxError: Export 'ssr_exports' is not defined in module
    at compileSourceTextModule (node:internal/modules/esm/utils:346:16)
    ... 7 lines matching cause stack trace ...
    at async onImport.tracePromise.__proto__ (node:internal/modules/esm/loader:680:25) {
  cause: SyntaxError: Export 'ssr_exports' is not defined in module
      at compileSourceTextModule (node:internal/modules/esm/utils:346:16)
      at ModuleLoader.moduleStrategy (node:internal/modules/esm/translators:110:18)
      at #translate (node:internal/modules/esm/loader:559:20)
      at afterLoad (node:internal/modules/esm/loader:612:29)
      at ModuleLoader.loadAndTranslate (node:internal/modules/esm/loader:617:12)
      at #createModuleJob (node:internal/modules/esm/loader:640:36)
      at #getJobFromResolveResult (node:internal/modules/esm/loader:353:34)
      at ModuleLoader.getModuleJobForImport (node:internal/modules/esm/loader:321:41)
      at async onImport.tracePromise.__proto__ (node:internal/modules/esm/loader:680:25),
  status: 500,
  statusText: undefined,
  headers: undefined,
  data: undefined,
  body: undefined,
  unhandled: true
}
SyntaxError: Export 'ssr_exports' is not defined in module
    at compileSourceTextModule (node:internal/modules/esm/utils:346:16)
    ... 7 lines matching cause stack trace ...
    at async onImport.tracePromise.__proto__ (node:internal/modules/esm/loader:680:25) {
  cause: SyntaxError: Export 'ssr_exports' is not defined in module
      at compileSourceTextModule (node:internal/modules/esm/utils:346:16)
      at ModuleLoader.moduleStrategy (node:internal/modules/esm/translators:110:18)
      at #translate (node:internal/modules/esm/loader:559:20)
      at afterLoad (node:internal/modules/esm/loader:612:29)
      at ModuleLoader.loadAndTranslate (node:internal/modules/esm/loader:617:12)
      at #createModuleJob (node:internal/modules/esm/loader:640:36)
      at #getJobFromResolveResult (node:internal/modules/esm/loader:353:34)
      at ModuleLoader.getModuleJobForImport (node:internal/modules/esm/loader:321:41)
      at async onImport.tracePromise.__proto__ (node:internal/modules/esm/loader:680:25),
  status: 500,
  statusText: undefined,
  headers: undefined,
  data: undefined,
  body: undefined,
  unhandled: true
}
SyntaxError: Export 'ssr_exports' is not defined in module
    at compileSourceTextModule (node:internal/modules/esm/utils:346:16)
    ... 7 lines matching cause stack trace ...
    at async onImport.tracePromise.__proto__ (node:internal/modules/esm/loader:680:25) {
  cause: SyntaxError: Export 'ssr_exports' is not defined in module
      at compileSourceTextModule (node:internal/modules/esm/utils:346:16)
      at ModuleLoader.moduleStrategy (node:internal/modules/esm/translators:110:18)
      at #translate (node:internal/modules/esm/loader:559:20)
      at afterLoad (node:internal/modules/esm/loader:612:29)
      at ModuleLoader.loadAndTranslate (node:internal/modules/esm/loader:617:12)
      at #createModuleJob (node:internal/modules/esm/loader:640:36)
      at #getJobFromResolveResult (node:internal/modules/esm/loader:353:34)
      at ModuleLoader.getModuleJobForImport (node:internal/modules/esm/loader:321:41)
      at async onImport.tracePromise.__proto__ (node:internal/modules/esm/loader:680:25),
  status: 500,
  statusText: undefined,
  headers: undefined,
  data: undefined,
  body: undefined,
  unhandled: true
}
SyntaxError: Export 'ssr_exports' is not defined in module
    at compileSourceTextModule (node:internal/modules/esm/utils:346:16)
    ... 7 lines matching cause stack trace ...
    at async onImport.tracePromise.__proto__ (node:internal/modules/esm/loader:680:25) {
  cause: SyntaxError: Export 'ssr_exports' is not defined in module
      at compileSourceTextModule (node:internal/modules/esm/utils:346:16)
      at ModuleLoader.moduleStrategy (node:internal/modules/esm/translators:110:18)
      at #translate (node:internal/modules/esm/loader:559:20)
      at afterLoad (node:internal/modules/esm/loader:612:29)
      at ModuleLoader.loadAndTranslate (node:internal/modules/esm/loader:617:12)
      at #createModuleJob (node:internal/modules/esm/loader:640:36)
      at #getJobFromResolveResult (node:internal/modules/esm/loader:353:34)
      at ModuleLoader.getModuleJobForImport (node:internal/modules/esm/loader:321:41)
      at async onImport.tracePromise.__proto__ (node:internal/modules/esm/loader:680:25),
  status: 500,
  statusText: undefined,
  headers: undefined,
  data: undefined,
  body: undefined,
  unhandled: true
}
SyntaxError: Export 'ssr_exports' is not defined in module
    at compileSourceTextModule (node:internal/modules/esm/utils:346:16)
    ... 7 lines matching cause stack trace ...
    at async onImport.tracePromise.__proto__ (node:internal/modules/esm/loader:680:25) {
  cause: SyntaxError: Export 'ssr_exports' is not defined in module
      at compileSourceTextModule (node:internal/modules/esm/utils:346:16)
      at ModuleLoader.moduleStrategy (node:internal/modules/esm/translators:110:18)
      at #translate (node:internal/modules/esm/loader:559:20)
      at afterLoad (node:internal/modules/esm/loader:612:29)
      at ModuleLoader.loadAndTranslate (node:internal/modules/esm/loader:617:12)
      at #createModuleJob (node:internal/modules/esm/loader:640:36)
      at #getJobFromResolveResult (node:internal/modules/esm/loader:353:34)
      at ModuleLoader.getModuleJobForImport (node:internal/modules/esm/loader:321:41)
      at async onImport.tracePromise.__proto__ (node:internal/modules/esm/loader:680:25),
  status: 500,
  statusText: undefined,
  headers: undefined,
  data: undefined,
  body: undefined,
  unhandled: true
}
SyntaxError: Export 'ssr_exports' is not defined in module
    at compileSourceTextModule (node:internal/modules/esm/utils:346:16)
    ... 7 lines matching cause stack trace ...
    at async onImport.tracePromise.__proto__ (node:internal/modules/esm/loader:680:25) {
  cause: SyntaxError: Export 'ssr_exports' is not defined in module
      at compileSourceTextModule (node:internal/modules/esm/utils:346:16)
      at ModuleLoader.moduleStrategy (node:internal/modules/esm/translators:110:18)
      at #translate (node:internal/modules/esm/loader:559:20)
      at afterLoad (node:internal/modules/esm/loader:612:29)
      at ModuleLoader.loadAndTranslate (node:internal/modules/esm/loader:617:12)
      at #createModuleJob (node:internal/modules/esm/loader:640:36)
      at #getJobFromResolveResult (node:internal/modules/esm/loader:353:34)
      at ModuleLoader.getModuleJobForImport (node:internal/modules/esm/loader:321:41)
      at async onImport.tracePromise.__proto__ (node:internal/modules/esm/loader:680:25),
  status: 500,
  statusText: undefined,
  headers: undefined,
  data: undefined,
  body: undefined,
  unhandled: true
}
SyntaxError: Export 'ssr_exports' is not defined in module
    at compileSourceTextModule (node:internal/modules/esm/utils:346:16)
    ... 7 lines matching cause stack trace ...
    at async onImport.tracePromise.__proto__ (node:internal/modules/esm/loader:680:25) {
  cause: SyntaxError: Export 'ssr_exports' is not defined in module
      at compileSourceTextModule (node:internal/modules/esm/utils:346:16)
      at ModuleLoader.moduleStrategy (node:internal/modules/esm/translators:110:18)
      at #translate (node:internal/modules/esm/loader:559:20)
      at afterLoad (node:internal/modules/esm/loader:612:29)
      at ModuleLoader.loadAndTranslate (node:internal/modules/esm/loader:617:12)
      at #createModuleJob (node:internal/modules/esm/loader:640:36)
      at #getJobFromResolveResult (node:internal/modules/esm/loader:353:34)
      at ModuleLoader.getModuleJobForImport (node:internal/modules/esm/loader:321:41)
      at async onImport.tracePromise.__proto__ (node:internal/modules/esm/loader:680:25),
  status: 500,
  statusText: undefined,
  headers: undefined,
  data: undefined,
  body: undefined,
  unhandled: true
}
SyntaxError: Export 'ssr_exports' is not defined in module
    at compileSourceTextModule (node:internal/modules/esm/utils:346:16)
    ... 7 lines matching cause stack trace ...
    at async onImport.tracePromise.__proto__ (node:internal/modules/esm/loader:680:25) {
  cause: SyntaxError: Export 'ssr_exports' is not defined in module
      at compileSourceTextModule (node:internal/modules/esm/utils:346:16)
      at ModuleLoader.moduleStrategy (node:internal/modules/esm/translators:110:18)
      at #translate (node:internal/modules/esm/loader:559:20)
      at afterLoad (node:internal/modules/esm/loader:612:29)
      at ModuleLoader.loadAndTranslate (node:internal/modules/esm/loader:617:12)
      at #createModuleJob (node:internal/modules/esm/loader:640:36)
      at #getJobFromResolveResult (node:internal/modules/esm/loader:353:34)
      at ModuleLoader.getModuleJobForImport (node:internal/modules/esm/loader:321:41)
      at async onImport.tracePromise.__proto__ (node:internal/modules/esm/loader:680:25),
  status: 500,
  statusText: undefined,
  headers: undefined,
  data: undefined,
  body: undefined,
  unhandled: true
}
SyntaxError: Export 'ssr_exports' is not defined in module
    at compileSourceTextModule (node:internal/modules/esm/utils:346:16)
    ... 7 lines matching cause stack trace ...
    at async onImport.tracePromise.__proto__ (node:internal/modules/esm/loader:680:25) {
  cause: SyntaxError: Export 'ssr_exports' is not defined in module
      at compileSourceTextModule (node:internal/modules/esm/utils:346:16)
      at ModuleLoader.moduleStrategy (node:internal/modules/esm/translators:110:18)
      at #translate (node:internal/modules/esm/loader:559:20)
      at afterLoad (node:internal/modules/esm/loader:612:29)
      at ModuleLoader.loadAndTranslate (node:internal/modules/esm/loader:617:12)
      at #createModuleJob (node:internal/modules/esm/loader:640:36)
      at #getJobFromResolveResult (node:internal/modules/esm/loader:353:34)
      at ModuleLoader.getModuleJobForImport (node:internal/modules/esm/loader:321:41)
      at async onImport.tracePromise.__proto__ (node:internal/modules/esm/loader:680:25),
  status: 500,
  statusText: undefined,
  headers: undefined,
  data: undefined,
  body: undefined,
  unhandled: true
}
SyntaxError: Export 'ssr_exports' is not defined in module
    at compileSourceTextModule (node:internal/modules/esm/utils:346:16)
    ... 7 lines matching cause stack trace ...
    at async onImport.tracePromise.__proto__ (node:internal/modules/esm/loader:680:25) {
  cause: SyntaxError: Export 'ssr_exports' is not defined in module
      at compileSourceTextModule (node:internal/modules/esm/utils:346:16)
      at ModuleLoader.moduleStrategy (node:internal/modules/esm/translators:110:18)
      at #translate (node:internal/modules/esm/loader:559:20)
      at afterLoad (node:internal/modules/esm/loader:612:29)
      at ModuleLoader.loadAndTranslate (node:internal/modules/esm/loader:617:12)
      at #createModuleJob (node:internal/modules/esm/loader:640:36)
      at #getJobFromResolveResult (node:internal/modules/esm/loader:353:34)
      at ModuleLoader.getModuleJobForImport (node:internal/modules/esm/loader:321:41)
      at async onImport.tracePromise.__proto__ (node:internal/modules/esm/loader:680:25),
  status: 500,
  statusText: undefined,
  headers: undefined,
  data: undefined,
  body: undefined,
  unhandled: true
}
SyntaxError: Export 'ssr_exports' is not defined in module
    at compileSourceTextModule (node:internal/modules/esm/utils:346:16)
    ... 7 lines matching cause stack trace ...
    at async onImport.tracePromise.__proto__ (node:internal/modules/esm/loader:680:25) {
  cause: SyntaxError: Export 'ssr_exports' is not defined in module
      at compileSourceTextModule (node:internal/modules/esm/utils:346:16)
      at ModuleLoader.moduleStrategy (node:internal/modules/esm/translators:110:18)
      at #translate (node:internal/modules/esm/loader:559:20)
      at afterLoad (node:internal/modules/esm/loader:612:29)
      at ModuleLoader.loadAndTranslate (node:internal/modules/esm/loader:617:12)
      at #createModuleJob (node:internal/modules/esm/loader:640:36)
      at #getJobFromResolveResult (node:internal/modules/esm/loader:353:34)
      at ModuleLoader.getModuleJobForImport (node:internal/modules/esm/loader:321:41)
      at async onImport.tracePromise.__proto__ (node:internal/modules/esm/loader:680:25),
  status: 500,
  statusText: undefined,
  headers: undefined,
  data: undefined,
  body: undefined,
  unhandled: true
}
SyntaxError: Export 'ssr_exports' is not defined in module
    at compileSourceTextModule (node:internal/modules/esm/utils:346:16)
    ... 7 lines matching cause stack trace ...
    at async onImport.tracePromise.__proto__ (node:internal/modules/esm/loader:680:25) {
  cause: SyntaxError: Export 'ssr_exports' is not defined in module
      at compileSourceTextModule (node:internal/modules/esm/utils:346:16)
      at ModuleLoader.moduleStrategy (node:internal/modules/esm/translators:110:18)
      at #translate (node:internal/modules/esm/loader:559:20)
      at afterLoad (node:internal/modules/esm/loader:612:29)
      at ModuleLoader.loadAndTranslate (node:internal/modules/esm/loader:617:12)
      at #createModuleJob (node:internal/modules/esm/loader:640:36)
      at #getJobFromResolveResult (node:internal/modules/esm/loader:353:34)
      at ModuleLoader.getModuleJobForImport (node:internal/modules/esm/loader:321:41)
      at async onImport.tracePromise.__proto__ (node:internal/modules/esm/loader:680:25),
  status: 500,
  statusText: undefined,
  headers: undefined,
  data: undefined,
  body: undefined,
  unhandled: true
}
SyntaxError: Export 'ssr_exports' is not defined in module
    at compileSourceTextModule (node:internal/modules/esm/utils:346:16)
    ... 7 lines matching cause stack trace ...
    at async onImport.tracePromise.__proto__ (node:internal/modules/esm/loader:680:25) {
  cause: SyntaxError: Export 'ssr_exports' is not defined in module
      at compileSourceTextModule (node:internal/modules/esm/utils:346:16)
      at ModuleLoader.moduleStrategy (node:internal/modules/esm/translators:110:18)
      at #translate (node:internal/modules/esm/loader:559:20)
      at afterLoad (node:internal/modules/esm/loader:612:29)
      at ModuleLoader.loadAndTranslate (node:internal/modules/esm/loader:617:12)
      at #createModuleJob (node:internal/modules/esm/loader:640:36)
      at #getJobFromResolveResult (node:internal/modules/esm/loader:353:34)
      at ModuleLoader.getModuleJobForImport (node:internal/modules/esm/loader:321:41)
      at async onImport.tracePromise.__proto__ (node:internal/modules/esm/loader:680:25),
  status: 500,
  statusText: undefined,
  headers: undefined,
  data: undefined,
  body: undefined,
  unhandled: true
}
SyntaxError: Export 'ssr_exports' is not defined in module
    at compileSourceTextModule (node:internal/modules/esm/utils:346:16)
    ... 7 lines matching cause stack trace ...
    at async onImport.tracePromise.__proto__ (node:internal/modules/esm/loader:680:25) {
  cause: SyntaxError: Export 'ssr_exports' is not defined in module
      at compileSourceTextModule (node:internal/modules/esm/utils:346:16)
      at ModuleLoader.moduleStrategy (node:internal/modules/esm/translators:110:18)
      at #translate (node:internal/modules/esm/loader:559:20)
      at afterLoad (node:internal/modules/esm/loader:612:29)
      at ModuleLoader.loadAndTranslate (node:internal/modules/esm/loader:617:12)
      at #createModuleJob (node:internal/modules/esm/loader:640:36)
      at #getJobFromResolveResult (node:internal/modules/esm/loader:353:34)
      at ModuleLoader.getModuleJobForImport (node:internal/modules/esm/loader:321:41)
      at async onImport.tracePromise.__proto__ (node:internal/modules/esm/loader:680:25),
  status: 500,
  statusText: undefined,
  headers: undefined,
  data: undefined,
  body: undefined,
  unhandled: true
}
SyntaxError: Export 'ssr_exports' is not defined in module
    at compileSourceTextModule (node:internal/modules/esm/utils:346:16)
    ... 7 lines matching cause stack trace ...
    at async onImport.tracePromise.__proto__ (node:internal/modules/esm/loader:680:25) {
  cause: SyntaxError: Export 'ssr_exports' is not defined in module
      at compileSourceTextModule (node:internal/modules/esm/utils:346:16)
      at ModuleLoader.moduleStrategy (node:internal/modules/esm/translators:110:18)
      at #translate (node:internal/modules/esm/loader:559:20)
      at afterLoad (node:internal/modules/esm/loader:612:29)
      at ModuleLoader.loadAndTranslate (node:internal/modules/esm/loader:617:12)
      at #createModuleJob (node:internal/modules/esm/loader:640:36)
      at #getJobFromResolveResult (node:internal/modules/esm/loader:353:34)
      at ModuleLoader.getModuleJobForImport (node:internal/modules/esm/loader:321:41)
      at async onImport.tracePromise.__proto__ (node:internal/modules/esm/loader:680:25),
  status: 500,
  statusText: undefined,
  headers: undefined,
  data: undefined,
  body: undefined,
  unhandled: true
}
SyntaxError: Export 'ssr_exports' is not defined in module
    at compileSourceTextModule (node:internal/modules/esm/utils:346:16)
    ... 7 lines matching cause stack trace ...
    at async onImport.tracePromise.__proto__ (node:internal/modules/esm/loader:680:25) {
  cause: SyntaxError: Export 'ssr_exports' is not defined in module
      at compileSourceTextModule (node:internal/modules/esm/utils:346:16)
      at ModuleLoader.moduleStrategy (node:internal/modules/esm/translators:110:18)
      at #translate (node:internal/modules/esm/loader:559:20)
      at afterLoad (node:internal/modules/esm/loader:612:29)
      at ModuleLoader.loadAndTranslate (node:internal/modules/esm/loader:617:12)
      at #createModuleJob (node:internal/modules/esm/loader:640:36)
      at #getJobFromResolveResult (node:internal/modules/esm/loader:353:34)
      at ModuleLoader.getModuleJobForImport (node:internal/modules/esm/loader:321:41)
      at async onImport.tracePromise.__proto__ (node:internal/modules/esm/loader:680:25),
  status: 500,
  statusText: undefined,
  headers: undefined,
  data: undefined,
  body: undefined,
  unhandled: true
}
SyntaxError: Export 'ssr_exports' is not defined in module
    at compileSourceTextModule (node:internal/modules/esm/utils:346:16)
    ... 7 lines matching cause stack trace ...
    at async onImport.tracePromise.__proto__ (node:internal/modules/esm/loader:680:25) {
  cause: SyntaxError: Export 'ssr_exports' is not defined in module
      at compileSourceTextModule (node:internal/modules/esm/utils:346:16)
      at ModuleLoader.moduleStrategy (node:internal/modules/esm/translators:110:18)
      at #translate (node:internal/modules/esm/loader:559:20)
      at afterLoad (node:internal/modules/esm/loader:612:29)
      at ModuleLoader.loadAndTranslate (node:internal/modules/esm/loader:617:12)
      at #createModuleJob (node:internal/modules/esm/loader:640:36)
      at #getJobFromResolveResult (node:internal/modules/esm/loader:353:34)
      at ModuleLoader.getModuleJobForImport (node:internal/modules/esm/loader:321:41)
      at async onImport.tracePromise.__proto__ (node:internal/modules/esm/loader:680:25),
  status: 500,
  statusText: undefined,
  headers: undefined,
  data: undefined,
  body: undefined,
  unhandled: true
}
SyntaxError: Export 'ssr_exports' is not defined in module
    at compileSourceTextModule (node:internal/modules/esm/utils:346:16)
    ... 7 lines matching cause stack trace ...
    at async onImport.tracePromise.__proto__ (node:internal/modules/esm/loader:680:25) {
  cause: SyntaxError: Export 'ssr_exports' is not defined in module
      at compileSourceTextModule (node:internal/modules/esm/utils:346:16)
      at ModuleLoader.moduleStrategy (node:internal/modules/esm/translators:110:18)
      at #translate (node:internal/modules/esm/loader:559:20)
      at afterLoad (node:internal/modules/esm/loader:612:29)
      at ModuleLoader.loadAndTranslate (node:internal/modules/esm/loader:617:12)
      at #createModuleJob (node:internal/modules/esm/loader:640:36)
      at #getJobFromResolveResult (node:internal/modules/esm/loader:353:34)
      at ModuleLoader.getModuleJobForImport (node:internal/modules/esm/loader:321:41)
      at async onImport.tracePromise.__proto__ (node:internal/modules/esm/loader:680:25),
  status: 500,
  statusText: undefined,
  headers: undefined,
  data: undefined,
  body: undefined,
  unhandled: true
}
SyntaxError: Export 'ssr_exports' is not defined in module
    at compileSourceTextModule (node:internal/modules/esm/utils:346:16)
    ... 7 lines matching cause stack trace ...
    at async onImport.tracePromise.__proto__ (node:internal/modules/esm/loader:680:25) {
  cause: SyntaxError: Export 'ssr_exports' is not defined in module
      at compileSourceTextModule (node:internal/modules/esm/utils:346:16)
      at ModuleLoader.moduleStrategy (node:internal/modules/esm/translators:110:18)
      at #translate (node:internal/modules/esm/loader:559:20)
      at afterLoad (node:internal/modules/esm/loader:612:29)
      at ModuleLoader.loadAndTranslate (node:internal/modules/esm/loader:617:12)
      at #createModuleJob (node:internal/modules/esm/loader:640:36)
      at #getJobFromResolveResult (node:internal/modules/esm/loader:353:34)
      at ModuleLoader.getModuleJobForImport (node:internal/modules/esm/loader:321:41)
      at async onImport.tracePromise.__proto__ (node:internal/modules/esm/loader:680:25),
  status: 500,
  statusText: undefined,
  headers: undefined,
  data: undefined,
  body: undefined,
  unhandled: true
}
SyntaxError: Export 'ssr_exports' is not defined in module
    at compileSourceTextModule (node:internal/modules/esm/utils:346:16)
    ... 7 lines matching cause stack trace ...
    at async onImport.tracePromise.__proto__ (node:internal/modules/esm/loader:680:25) {
  cause: SyntaxError: Export 'ssr_exports' is not defined in module
      at compileSourceTextModule (node:internal/modules/esm/utils:346:16)
      at ModuleLoader.moduleStrategy (node:internal/modules/esm/translators:110:18)
      at #translate (node:internal/modules/esm/loader:559:20)
      at afterLoad (node:internal/modules/esm/loader:612:29)
      at ModuleLoader.loadAndTranslate (node:internal/modules/esm/loader:617:12)
      at #createModuleJob (node:internal/modules/esm/loader:640:36)
      at #getJobFromResolveResult (node:internal/modules/esm/loader:353:34)
      at ModuleLoader.getModuleJobForImport (node:internal/modules/esm/loader:321:41)
      at async onImport.tracePromise.__proto__ (node:internal/modules/esm/loader:680:25),
  status: 500,
  statusText: undefined,
  headers: undefined,
  data: undefined,
  body: undefined,
  unhandled: true
}
SyntaxError: Export 'ssr_exports' is not defined in module
    at compileSourceTextModule (node:internal/modules/esm/utils:346:16)
    ... 7 lines matching cause stack trace ...
    at async onImport.tracePromise.__proto__ (node:internal/modules/esm/loader:680:25) {
  cause: SyntaxError: Export 'ssr_exports' is not defined in module
      at compileSourceTextModule (node:internal/modules/esm/utils:346:16)
      at ModuleLoader.moduleStrategy (node:internal/modules/esm/translators:110:18)
      at #translate (node:internal/modules/esm/loader:559:20)
      at afterLoad (node:internal/modules/esm/loader:612:29)
      at ModuleLoader.loadAndTranslate (node:internal/modules/esm/loader:617:12)
      at #createModuleJob (node:internal/modules/esm/loader:640:36)
      at #getJobFromResolveResult (node:internal/modules/esm/loader:353:34)
      at ModuleLoader.getModuleJobForImport (node:internal/modules/esm/loader:321:41)
      at async onImport.tracePromise.__proto__ (node:internal/modules/esm/loader:680:25),
  status: 500,
  statusText: undefined,
  headers: undefined,
  data: undefined,
  body: undefined,
  unhandled: true
}
SyntaxError: Export 'ssr_exports' is not defined in module
    at compileSourceTextModule (node:internal/modules/esm/utils:346:16)
    ... 7 lines matching cause stack trace ...
    at async onImport.tracePromise.__proto__ (node:internal/modules/esm/loader:680:25) {
  cause: SyntaxError: Export 'ssr_exports' is not defined in module
      at compileSourceTextModule (node:internal/modules/esm/utils:346:16)
      at ModuleLoader.moduleStrategy (node:internal/modules/esm/translators:110:18)
      at #translate (node:internal/modules/esm/loader:559:20)
      at afterLoad (node:internal/modules/esm/loader:612:29)
      at ModuleLoader.loadAndTranslate (node:internal/modules/esm/loader:617:12)
      at #createModuleJob (node:internal/modules/esm/loader:640:36)
      at #getJobFromResolveResult (node:internal/modules/esm/loader:353:34)
      at ModuleLoader.getModuleJobForImport (node:internal/modules/esm/loader:321:41)
      at async onImport.tracePromise.__proto__ (node:internal/modules/esm/loader:680:25),
  status: 500,
  statusText: undefined,
  headers: undefined,
  data: undefined,
  body: undefined,
  unhandled: true
}
SyntaxError: Export 'ssr_exports' is not defined in module
    at compileSourceTextModule (node:internal/modules/esm/utils:346:16)
    ... 7 lines matching cause stack trace ...
    at async onImport.tracePromise.__proto__ (node:internal/modules/esm/loader:680:25) {
  cause: SyntaxError: Export 'ssr_exports' is not defined in module
      at compileSourceTextModule (node:internal/modules/esm/utils:346:16)
      at ModuleLoader.moduleStrategy (node:internal/modules/esm/translators:110:18)
      at #translate (node:internal/modules/esm/loader:559:20)
      at afterLoad (node:internal/modules/esm/loader:612:29)
      at ModuleLoader.loadAndTranslate (node:internal/modules/esm/loader:617:12)
      at #createModuleJob (node:internal/modules/esm/loader:640:36)
      at #getJobFromResolveResult (node:internal/modules/esm/loader:353:34)
      at ModuleLoader.getModuleJobForImport (node:internal/modules/esm/loader:321:41)
      at async onImport.tracePromise.__proto__ (node:internal/modules/esm/loader:680:25),
  status: 500,
  statusText: undefined,
  headers: undefined,
  data: undefined,
  body: undefined,
  unhandled: true
}
SyntaxError: Export 'ssr_exports' is not defined in module
    at compileSourceTextModule (node:internal/modules/esm/utils:346:16)
    ... 7 lines matching cause stack trace ...
    at async onImport.tracePromise.__proto__ (node:internal/modules/esm/loader:680:25) {
  cause: SyntaxError: Export 'ssr_exports' is not defined in module
      at compileSourceTextModule (node:internal/modules/esm/utils:346:16)
      at ModuleLoader.moduleStrategy (node:internal/modules/esm/translators:110:18)
      at #translate (node:internal/modules/esm/loader:559:20)
      at afterLoad (node:internal/modules/esm/loader:612:29)
      at ModuleLoader.loadAndTranslate (node:internal/modules/esm/loader:617:12)
      at #createModuleJob (node:internal/modules/esm/loader:640:36)
      at #getJobFromResolveResult (node:internal/modules/esm/loader:353:34)
      at ModuleLoader.getModuleJobForImport (node:internal/modules/esm/loader:321:41)
      at async onImport.tracePromise.__proto__ (node:internal/modules/esm/loader:680:25),
  status: 500,
  statusText: undefined,
  headers: undefined,
  data: undefined,
  body: undefined,
  unhandled: true
}
SyntaxError: Export 'ssr_exports' is not defined in module
    at compileSourceTextModule (node:internal/modules/esm/utils:346:16)
    ... 7 lines matching cause stack trace ...
    at async onImport.tracePromise.__proto__ (node:internal/modules/esm/loader:680:25) {
  cause: SyntaxError: Export 'ssr_exports' is not defined in module
      at compileSourceTextModule (node:internal/modules/esm/utils:346:16)
      at ModuleLoader.moduleStrategy (node:internal/modules/esm/translators:110:18)
      at #translate (node:internal/modules/esm/loader:559:20)
      at afterLoad (node:internal/modules/esm/loader:612:29)
      at ModuleLoader.loadAndTranslate (node:internal/modules/esm/loader:617:12)
      at #createModuleJob (node:internal/modules/esm/loader:640:36)
      at #getJobFromResolveResult (node:internal/modules/esm/loader:353:34)
      at ModuleLoader.getModuleJobForImport (node:internal/modules/esm/loader:321:41)
      at async onImport.tracePromise.__proto__ (node:internal/modules/esm/loader:680:25),
  status: 500,
  statusText: undefined,
  headers: undefined,
  data: undefined,
  body: undefined,
  unhandled: true
}
SyntaxError: Export 'ssr_exports' is not defined in module
    at compileSourceTextModule (node:internal/modules/esm/utils:346:16)
    ... 7 lines matching cause stack trace ...
    at async onImport.tracePromise.__proto__ (node:internal/modules/esm/loader:680:25) {
  cause: SyntaxError: Export 'ssr_exports' is not defined in module
      at compileSourceTextModule (node:internal/modules/esm/utils:346:16)
      at ModuleLoader.moduleStrategy (node:internal/modules/esm/translators:110:18)
      at #translate (node:internal/modules/esm/loader:559:20)
      at afterLoad (node:internal/modules/esm/loader:612:29)
      at ModuleLoader.loadAndTranslate (node:internal/modules/esm/loader:617:12)
      at #createModuleJob (node:internal/modules/esm/loader:640:36)
      at #getJobFromResolveResult (node:internal/modules/esm/loader:353:34)
      at ModuleLoader.getModuleJobForImport (node:internal/modules/esm/loader:321:41)
      at async onImport.tracePromise.__proto__ (node:internal/modules/esm/loader:680:25),
  status: 500,
  statusText: undefined,
  headers: undefined,
  data: undefined,
  body: undefined,
  unhandled: true
}
SyntaxError: Export 'ssr_exports' is not defined in module
    at compileSourceTextModule (node:internal/modules/esm/utils:346:16)
    ... 7 lines matching cause stack trace ...
    at async onImport.tracePromise.__proto__ (node:internal/modules/esm/loader:680:25) {
  cause: SyntaxError: Export 'ssr_exports' is not defined in module
      at compileSourceTextModule (node:internal/modules/esm/utils:346:16)
      at ModuleLoader.moduleStrategy (node:internal/modules/esm/translators:110:18)
      at #translate (node:internal/modules/esm/loader:559:20)
      at afterLoad (node:internal/modules/esm/loader:612:29)
      at ModuleLoader.loadAndTranslate (node:internal/modules/esm/loader:617:12)
      at #createModuleJob (node:internal/modules/esm/loader:640:36)
      at #getJobFromResolveResult (node:internal/modules/esm/loader:353:34)
      at ModuleLoader.getModuleJobForImport (node:internal/modules/esm/loader:321:41)
      at async onImport.tracePromise.__proto__ (node:internal/modules/esm/loader:680:25),
  status: 500,
  statusText: undefined,
  headers: undefined,
  data: undefined,
  body: undefined,
  unhandled: true
}
SyntaxError: Export 'ssr_exports' is not defined in module
    at compileSourceTextModule (node:internal/modules/esm/utils:346:16)
    ... 7 lines matching cause stack trace ...
    at async onImport.tracePromise.__proto__ (node:internal/modules/esm/loader:680:25) {
  cause: SyntaxError: Export 'ssr_exports' is not defined in module
      at compileSourceTextModule (node:internal/modules/esm/utils:346:16)
      at ModuleLoader.moduleStrategy (node:internal/modules/esm/translators:110:18)
      at #translate (node:internal/modules/esm/loader:559:20)
      at afterLoad (node:internal/modules/esm/loader:612:29)
      at ModuleLoader.loadAndTranslate (node:internal/modules/esm/loader:617:12)
      at #createModuleJob (node:internal/modules/esm/loader:640:36)
      at #getJobFromResolveResult (node:internal/modules/esm/loader:353:34)
      at ModuleLoader.getModuleJobForImport (node:internal/modules/esm/loader:321:41)
      at async onImport.tracePromise.__proto__ (node:internal/modules/esm/loader:680:25),
  status: 500,
  statusText: undefined,
  headers: undefined,
  data: undefined,
  body: undefined,
  unhandled: true
}
SyntaxError: Export 'ssr_exports' is not defined in module
    at compileSourceTextModule (node:internal/modules/esm/utils:346:16)
    ... 7 lines matching cause stack trace ...
    at async onImport.tracePromise.__proto__ (node:internal/modules/esm/loader:680:25) {
  cause: SyntaxError: Export 'ssr_exports' is not defined in module
      at compileSourceTextModule (node:internal/modules/esm/utils:346:16)
      at ModuleLoader.moduleStrategy (node:internal/modules/esm/translators:110:18)
      at #translate (node:internal/modules/esm/loader:559:20)
      at afterLoad (node:internal/modules/esm/loader:612:29)
      at ModuleLoader.loadAndTranslate (node:internal/modules/esm/loader:617:12)
      at #createModuleJob (node:internal/modules/esm/loader:640:36)
      at #getJobFromResolveResult (node:internal/modules/esm/loader:353:34)
      at ModuleLoader.getModuleJobForImport (node:internal/modules/esm/loader:321:41)
      at async onImport.tracePromise.__proto__ (node:internal/modules/esm/loader:680:25),
  status: 500,
  statusText: undefined,
  headers: undefined,
  data: undefined,
  body: undefined,
  unhandled: true
}
SyntaxError: Export 'ssr_exports' is not defined in module
    at compileSourceTextModule (node:internal/modules/esm/utils:346:16)
    ... 7 lines matching cause stack trace ...
    at async onImport.tracePromise.__proto__ (node:internal/modules/esm/loader:680:25) {
  cause: SyntaxError: Export 'ssr_exports' is not defined in module
      at compileSourceTextModule (node:internal/modules/esm/utils:346:16)
      at ModuleLoader.moduleStrategy (node:internal/modules/esm/translators:110:18)
      at #translate (node:internal/modules/esm/loader:559:20)
      at afterLoad (node:internal/modules/esm/loader:612:29)
      at ModuleLoader.loadAndTranslate (node:internal/modules/esm/loader:617:12)
      at #createModuleJob (node:internal/modules/esm/loader:640:36)
      at #getJobFromResolveResult (node:internal/modules/esm/loader:353:34)
      at ModuleLoader.getModuleJobForImport (node:internal/modules/esm/loader:321:41)
      at async onImport.tracePromise.__proto__ (node:internal/modules/esm/loader:680:25),
  status: 500,
  statusText: undefined,
  headers: undefined,
  data: undefined,
  body: undefined,
  unhandled: true
}
SyntaxError: Export 'ssr_exports' is not defined in module
    at compileSourceTextModule (node:internal/modules/esm/utils:346:16)
    ... 7 lines matching cause stack trace ...
    at async onImport.tracePromise.__proto__ (node:internal/modules/esm/loader:680:25) {
  cause: SyntaxError: Export 'ssr_exports' is not defined in module
      at compileSourceTextModule (node:internal/modules/esm/utils:346:16)
      at ModuleLoader.moduleStrategy (node:internal/modules/esm/translators:110:18)
      at #translate (node:internal/modules/esm/loader:559:20)
      at afterLoad (node:internal/modules/esm/loader:612:29)
      at ModuleLoader.loadAndTranslate (node:internal/modules/esm/loader:617:12)
      at #createModuleJob (node:internal/modules/esm/loader:640:36)
      at #getJobFromResolveResult (node:internal/modules/esm/loader:353:34)
      at ModuleLoader.getModuleJobForImport (node:internal/modules/esm/loader:321:41)
      at async onImport.tracePromise.__proto__ (node:internal/modules/esm/loader:680:25),
  status: 500,
  statusText: undefined,
  headers: undefined,
  data: undefined,
  body: undefined,
  unhandled: true
}
SyntaxError: Export 'ssr_exports' is not defined in module
    at compileSourceTextModule (node:internal/modules/esm/utils:346:16)
    ... 7 lines matching cause stack trace ...
    at async onImport.tracePromise.__proto__ (node:internal/modules/esm/loader:680:25) {
  cause: SyntaxError: Export 'ssr_exports' is not defined in module
      at compileSourceTextModule (node:internal/modules/esm/utils:346:16)
      at ModuleLoader.moduleStrategy (node:internal/modules/esm/translators:110:18)
      at #translate (node:internal/modules/esm/loader:559:20)
      at afterLoad (node:internal/modules/esm/loader:612:29)
      at ModuleLoader.loadAndTranslate (node:internal/modules/esm/loader:617:12)
      at #createModuleJob (node:internal/modules/esm/loader:640:36)
      at #getJobFromResolveResult (node:internal/modules/esm/loader:353:34)
      at ModuleLoader.getModuleJobForImport (node:internal/modules/esm/loader:321:41)
      at async onImport.tracePromise.__proto__ (node:internal/modules/esm/loader:680:25),
  status: 500,
  statusText: undefined,
  headers: undefined,
  data: undefined,
  body: undefined,
  unhandled: true
}
SyntaxError: Export 'ssr_exports' is not defined in module
    at compileSourceTextModule (node:internal/modules/esm/utils:346:16)
    ... 7 lines matching cause stack trace ...
    at async onImport.tracePromise.__proto__ (node:internal/modules/esm/loader:680:25) {
  cause: SyntaxError: Export 'ssr_exports' is not defined in module
      at compileSourceTextModule (node:internal/modules/esm/utils:346:16)
      at ModuleLoader.moduleStrategy (node:internal/modules/esm/translators:110:18)
      at #translate (node:internal/modules/esm/loader:559:20)
      at afterLoad (node:internal/modules/esm/loader:612:29)
      at ModuleLoader.loadAndTranslate (node:internal/modules/esm/loader:617:12)
      at #createModuleJob (node:internal/modules/esm/loader:640:36)
      at #getJobFromResolveResult (node:internal/modules/esm/loader:353:34)
      at ModuleLoader.getModuleJobForImport (node:internal/modules/esm/loader:321:41)
      at async onImport.tracePromise.__proto__ (node:internal/modules/esm/loader:680:25),
  status: 500,
  statusText: undefined,
  headers: undefined,
  data: undefined,
  body: undefined,
  unhandled: true
}
SyntaxError: Export 'ssr_exports' is not defined in module
    at compileSourceTextModule (node:internal/modules/esm/utils:346:16)
    ... 7 lines matching cause stack trace ...
    at async onImport.tracePromise.__proto__ (node:internal/modules/esm/loader:680:25) {
  cause: SyntaxError: Export 'ssr_exports' is not defined in module
      at compileSourceTextModule (node:internal/modules/esm/utils:346:16)
      at ModuleLoader.moduleStrategy (node:internal/modules/esm/translators:110:18)
      at #translate (node:internal/modules/esm/loader:559:20)
      at afterLoad (node:internal/modules/esm/loader:612:29)
      at ModuleLoader.loadAndTranslate (node:internal/modules/esm/loader:617:12)
      at #createModuleJob (node:internal/modules/esm/loader:640:36)
      at #getJobFromResolveResult (node:internal/modules/esm/loader:353:34)
      at ModuleLoader.getModuleJobForImport (node:internal/modules/esm/loader:321:41)
      at async onImport.tracePromise.__proto__ (node:internal/modules/esm/loader:680:25),
  status: 500,
  statusText: undefined,
  headers: undefined,
  data: undefined,
  body: undefined,
  unhandled: true
}
SyntaxError: Export 'ssr_exports' is not defined in module
    at compileSourceTextModule (node:internal/modules/esm/utils:346:16)
    ... 7 lines matching cause stack trace ...
    at async onImport.tracePromise.__proto__ (node:internal/modules/esm/loader:680:25) {
  cause: SyntaxError: Export 'ssr_exports' is not defined in module
      at compileSourceTextModule (node:internal/modules/esm/utils:346:16)
      at ModuleLoader.moduleStrategy (node:internal/modules/esm/translators:110:18)
      at #translate (node:internal/modules/esm/loader:559:20)
      at afterLoad (node:internal/modules/esm/loader:612:29)
      at ModuleLoader.loadAndTranslate (node:internal/modules/esm/loader:617:12)
      at #createModuleJob (node:internal/modules/esm/loader:640:36)
      at #getJobFromResolveResult (node:internal/modules/esm/loader:353:34)
      at ModuleLoader.getModuleJobForImport (node:internal/modules/esm/loader:321:41)
      at async onImport.tracePromise.__proto__ (node:internal/modules/esm/loader:680:25),
  status: 500,
  statusText: undefined,
  headers: undefined,
  data: undefined,
  body: undefined,
  unhandled: true
}
SyntaxError: Export 'ssr_exports' is not defined in module
    at compileSourceTextModule (node:internal/modules/esm/utils:346:16)
    ... 7 lines matching cause stack trace ...
    at async onImport.tracePromise.__proto__ (node:internal/modules/esm/loader:680:25) {
  cause: SyntaxError: Export 'ssr_exports' is not defined in module
      at compileSourceTextModule (node:internal/modules/esm/utils:346:16)
      at ModuleLoader.moduleStrategy (node:internal/modules/esm/translators:110:18)
      at #translate (node:internal/modules/esm/loader:559:20)
      at afterLoad (node:internal/modules/esm/loader:612:29)
      at ModuleLoader.loadAndTranslate (node:internal/modules/esm/loader:617:12)
      at #createModuleJob (node:internal/modules/esm/loader:640:36)
      at #getJobFromResolveResult (node:internal/modules/esm/loader:353:34)
      at ModuleLoader.getModuleJobForImport (node:internal/modules/esm/loader:321:41)
      at async onImport.tracePromise.__proto__ (node:internal/modules/esm/loader:680:25),
  status: 500,
  statusText: undefined,
  headers: undefined,
  data: undefined,
  body: undefined,
  unhandled: true
}
SyntaxError: Export 'ssr_exports' is not defined in module
    at compileSourceTextModule (node:internal/modules/esm/utils:346:16)
    ... 7 lines matching cause stack trace ...
    at async onImport.tracePromise.__proto__ (node:internal/modules/esm/loader:680:25) {
  cause: SyntaxError: Export 'ssr_exports' is not defined in module
      at compileSourceTextModule (node:internal/modules/esm/utils:346:16)
      at ModuleLoader.moduleStrategy (node:internal/modules/esm/translators:110:18)
      at #translate (node:internal/modules/esm/loader:559:20)
      at afterLoad (node:internal/modules/esm/loader:612:29)
      at ModuleLoader.loadAndTranslate (node:internal/modules/esm/loader:617:12)
      at #createModuleJob (node:internal/modules/esm/loader:640:36)
      at #getJobFromResolveResult (node:internal/modules/esm/loader:353:34)
      at ModuleLoader.getModuleJobForImport (node:internal/modules/esm/loader:321:41)
      at async onImport.tracePromise.__proto__ (node:internal/modules/esm/loader:680:25),
  status: 500,
  statusText: undefined,
  headers: undefined,
  data: undefined,
  body: undefined,
  unhandled: true
}
SyntaxError: Export 'ssr_exports' is not defined in module
    at compileSourceTextModule (node:internal/modules/esm/utils:346:16)
    ... 7 lines matching cause stack trace ...
    at async onImport.tracePromise.__proto__ (node:internal/modules/esm/loader:680:25) {
  cause: SyntaxError: Export 'ssr_exports' is not defined in module
      at compileSourceTextModule (node:internal/modules/esm/utils:346:16)
      at ModuleLoader.moduleStrategy (node:internal/modules/esm/translators:110:18)
      at #translate (node:internal/modules/esm/loader:559:20)
      at afterLoad (node:internal/modules/esm/loader:612:29)
      at ModuleLoader.loadAndTranslate (node:internal/modules/esm/loader:617:12)
      at #createModuleJob (node:internal/modules/esm/loader:640:36)
      at #getJobFromResolveResult (node:internal/modules/esm/loader:353:34)
      at ModuleLoader.getModuleJobForImport (node:internal/modules/esm/loader:321:41)
      at async onImport.tracePromise.__proto__ (node:internal/modules/esm/loader:680:25),
  status: 500,
  statusText: undefined,
  headers: undefined,
  data: undefined,
  body: undefined,
  unhandled: true
}
SyntaxError: Export 'ssr_exports' is not defined in module
    at compileSourceTextModule (node:internal/modules/esm/utils:346:16)
    ... 7 lines matching cause stack trace ...
    at async onImport.tracePromise.__proto__ (node:internal/modules/esm/loader:680:25) {
  cause: SyntaxError: Export 'ssr_exports' is not defined in module
      at compileSourceTextModule (node:internal/modules/esm/utils:346:16)
      at ModuleLoader.moduleStrategy (node:internal/modules/esm/translators:110:18)
      at #translate (node:internal/modules/esm/loader:559:20)
      at afterLoad (node:internal/modules/esm/loader:612:29)
      at ModuleLoader.loadAndTranslate (node:internal/modules/esm/loader:617:12)
      at #createModuleJob (node:internal/modules/esm/loader:640:36)
      at #getJobFromResolveResult (node:internal/modules/esm/loader:353:34)
      at ModuleLoader.getModuleJobForImport (node:internal/modules/esm/loader:321:41)
      at async onImport.tracePromise.__proto__ (node:internal/modules/esm/loader:680:25),
  status: 500,
  statusText: undefined,
  headers: undefined,
  data: undefined,
  body: undefined,
  unhandled: true
}
SyntaxError: Export 'ssr_exports' is not defined in module
    at compileSourceTextModule (node:internal/modules/esm/utils:346:16)
    ... 7 lines matching cause stack trace ...
    at async onImport.tracePromise.__proto__ (node:internal/modules/esm/loader:680:25) {
  cause: SyntaxError: Export 'ssr_exports' is not defined in module
      at compileSourceTextModule (node:internal/modules/esm/utils:346:16)
      at ModuleLoader.moduleStrategy (node:internal/modules/esm/translators:110:18)
      at #translate (node:internal/modules/esm/loader:559:20)
      at afterLoad (node:internal/modules/esm/loader:612:29)
      at ModuleLoader.loadAndTranslate (node:internal/modules/esm/loader:617:12)
      at #createModuleJob (node:internal/modules/esm/loader:640:36)
      at #getJobFromResolveResult (node:internal/modules/esm/loader:353:34)
      at ModuleLoader.getModuleJobForImport (node:internal/modules/esm/loader:321:41)
      at async onImport.tracePromise.__proto__ (node:internal/modules/esm/loader:680:25),
  status: 500,
  statusText: undefined,
  headers: undefined,
  data: undefined,
  body: undefined,
  unhandled: true
}
SyntaxError: Export 'ssr_exports' is not defined in module
    at compileSourceTextModule (node:internal/modules/esm/utils:346:16)
    ... 7 lines matching cause stack trace ...
    at async onImport.tracePromise.__proto__ (node:internal/modules/esm/loader:680:25) {
  cause: SyntaxError: Export 'ssr_exports' is not defined in module
      at compileSourceTextModule (node:internal/modules/esm/utils:346:16)
      at ModuleLoader.moduleStrategy (node:internal/modules/esm/translators:110:18)
      at #translate (node:internal/modules/esm/loader:559:20)
      at afterLoad (node:internal/modules/esm/loader:612:29)
      at ModuleLoader.loadAndTranslate (node:internal/modules/esm/loader:617:12)
      at #createModuleJob (node:internal/modules/esm/loader:640:36)
      at #getJobFromResolveResult (node:internal/modules/esm/loader:353:34)
      at ModuleLoader.getModuleJobForImport (node:internal/modules/esm/loader:321:41)
      at async onImport.tracePromise.__proto__ (node:internal/modules/esm/loader:680:25),
  status: 500,
  statusText: undefined,
  headers: undefined,
  data: undefined,
  body: undefined,
  unhandled: true
}
SyntaxError: Export 'ssr_exports' is not defined in module
    at compileSourceTextModule (node:internal/modules/esm/utils:346:16)
    ... 7 lines matching cause stack trace ...
    at async onImport.tracePromise.__proto__ (node:internal/modules/esm/loader:680:25) {
  cause: SyntaxError: Export 'ssr_exports' is not defined in module
      at compileSourceTextModule (node:internal/modules/esm/utils:346:16)
      at ModuleLoader.moduleStrategy (node:internal/modules/esm/translators:110:18)
      at #translate (node:internal/modules/esm/loader:559:20)
      at afterLoad (node:internal/modules/esm/loader:612:29)
      at ModuleLoader.loadAndTranslate (node:internal/modules/esm/loader:617:12)
      at #createModuleJob (node:internal/modules/esm/loader:640:36)
      at #getJobFromResolveResult (node:internal/modules/esm/loader:353:34)
      at ModuleLoader.getModuleJobForImport (node:internal/modules/esm/loader:321:41)
      at async onImport.tracePromise.__proto__ (node:internal/modules/esm/loader:680:25),
  status: 500,
  statusText: undefined,
  headers: undefined,
  data: undefined,
  body: undefined,
  unhandled: true
}
SyntaxError: Export 'ssr_exports' is not defined in module
    at compileSourceTextModule (node:internal/modules/esm/utils:346:16)
    ... 7 lines matching cause stack trace ...
    at async onImport.tracePromise.__proto__ (node:internal/modules/esm/loader:680:25) {
  cause: SyntaxError: Export 'ssr_exports' is not defined in module
      at compileSourceTextModule (node:internal/modules/esm/utils:346:16)
      at ModuleLoader.moduleStrategy (node:internal/modules/esm/translators:110:18)
      at #translate (node:internal/modules/esm/loader:559:20)
      at afterLoad (node:internal/modules/esm/loader:612:29)
      at ModuleLoader.loadAndTranslate (node:internal/modules/esm/loader:617:12)
      at #createModuleJob (node:internal/modules/esm/loader:640:36)
      at #getJobFromResolveResult (node:internal/modules/esm/loader:353:34)
      at ModuleLoader.getModuleJobForImport (node:internal/modules/esm/loader:321:41)
      at async onImport.tracePromise.__proto__ (node:internal/modules/esm/loader:680:25),
  status: 500,
  statusText: undefined,
  headers: undefined,
  data: undefined,
  body: undefined,
  unhandled: true
}
SyntaxError: Export 'ssr_exports' is not defined in module
    at compileSourceTextModule (node:internal/modules/esm/utils:346:16)
    ... 7 lines matching cause stack trace ...
    at async onImport.tracePromise.__proto__ (node:internal/modules/esm/loader:680:25) {
  cause: SyntaxError: Export 'ssr_exports' is not defined in module
      at compileSourceTextModule (node:internal/modules/esm/utils:346:16)
      at ModuleLoader.moduleStrategy (node:internal/modules/esm/translators:110:18)
      at #translate (node:internal/modules/esm/loader:559:20)
      at afterLoad (node:internal/modules/esm/loader:612:29)
      at ModuleLoader.loadAndTranslate (node:internal/modules/esm/loader:617:12)
      at #createModuleJob (node:internal/modules/esm/loader:640:36)
      at #getJobFromResolveResult (node:internal/modules/esm/loader:353:34)
      at ModuleLoader.getModuleJobForImport (node:internal/modules/esm/loader:321:41)
      at async onImport.tracePromise.__proto__ (node:internal/modules/esm/loader:680:25),
  status: 500,
  statusText: undefined,
  headers: undefined,
  data: undefined,
  body: undefined,
  unhandled: true
}
SyntaxError: Export 'ssr_exports' is not defined in module
    at compileSourceTextModule (node:internal/modules/esm/utils:346:16)
    ... 7 lines matching cause stack trace ...
    at async onImport.tracePromise.__proto__ (node:internal/modules/esm/loader:680:25) {
  cause: SyntaxError: Export 'ssr_exports' is not defined in module
      at compileSourceTextModule (node:internal/modules/esm/utils:346:16)
      at ModuleLoader.moduleStrategy (node:internal/modules/esm/translators:110:18)
      at #translate (node:internal/modules/esm/loader:559:20)
      at afterLoad (node:internal/modules/esm/loader:612:29)
      at ModuleLoader.loadAndTranslate (node:internal/modules/esm/loader:617:12)
      at #createModuleJob (node:internal/modules/esm/loader:640:36)
      at #getJobFromResolveResult (node:internal/modules/esm/loader:353:34)
      at ModuleLoader.getModuleJobForImport (node:internal/modules/esm/loader:321:41)
      at async onImport.tracePromise.__proto__ (node:internal/modules/esm/loader:680:25),
  status: 500,
  statusText: undefined,
  headers: undefined,
  data: undefined,
  body: undefined,
  unhandled: true
}
SyntaxError: Export 'ssr_exports' is not defined in module
    at compileSourceTextModule (node:internal/modules/esm/utils:346:16)
    ... 7 lines matching cause stack trace ...
    at async onImport.tracePromise.__proto__ (node:internal/modules/esm/loader:680:25) {
  cause: SyntaxError: Export 'ssr_exports' is not defined in module
      at compileSourceTextModule (node:internal/modules/esm/utils:346:16)
      at ModuleLoader.moduleStrategy (node:internal/modules/esm/translators:110:18)
      at #translate (node:internal/modules/esm/loader:559:20)
      at afterLoad (node:internal/modules/esm/loader:612:29)
      at ModuleLoader.loadAndTranslate (node:internal/modules/esm/loader:617:12)
      at #createModuleJob (node:internal/modules/esm/loader:640:36)
      at #getJobFromResolveResult (node:internal/modules/esm/loader:353:34)
      at ModuleLoader.getModuleJobForImport (node:internal/modules/esm/loader:321:41)
      at async onImport.tracePromise.__proto__ (node:internal/modules/esm/loader:680:25),
  status: 500,
  statusText: undefined,
  headers: undefined,
  data: undefined,
  body: undefined,
  unhandled: true
}
SyntaxError: Export 'ssr_exports' is not defined in module
    at compileSourceTextModule (node:internal/modules/esm/utils:346:16)
    ... 7 lines matching cause stack trace ...
    at async onImport.tracePromise.__proto__ (node:internal/modules/esm/loader:680:25) {
  cause: SyntaxError: Export 'ssr_exports' is not defined in module
      at compileSourceTextModule (node:internal/modules/esm/utils:346:16)
      at ModuleLoader.moduleStrategy (node:internal/modules/esm/translators:110:18)
      at #translate (node:internal/modules/esm/loader:559:20)
      at afterLoad (node:internal/modules/esm/loader:612:29)
      at ModuleLoader.loadAndTranslate (node:internal/modules/esm/loader:617:12)
      at #createModuleJob (node:internal/modules/esm/loader:640:36)
      at #getJobFromResolveResult (node:internal/modules/esm/loader:353:34)
      at ModuleLoader.getModuleJobForImport (node:internal/modules/esm/loader:321:41)
      at async onImport.tracePromise.__proto__ (node:internal/modules/esm/loader:680:25),
  status: 500,
  statusText: undefined,
  headers: undefined,
  data: undefined,
  body: undefined,
  unhandled: true
}
SyntaxError: Export 'ssr_exports' is not defined in module
    at compileSourceTextModule (node:internal/modules/esm/utils:346:16)
    ... 7 lines matching cause stack trace ...
    at async onImport.tracePromise.__proto__ (node:internal/modules/esm/loader:680:25) {
  cause: SyntaxError: Export 'ssr_exports' is not defined in module
      at compileSourceTextModule (node:internal/modules/esm/utils:346:16)
      at ModuleLoader.moduleStrategy (node:internal/modules/esm/translators:110:18)
      at #translate (node:internal/modules/esm/loader:559:20)
      at afterLoad (node:internal/modules/esm/loader:612:29)
      at ModuleLoader.loadAndTranslate (node:internal/modules/esm/loader:617:12)
      at #createModuleJob (node:internal/modules/esm/loader:640:36)
      at #getJobFromResolveResult (node:internal/modules/esm/loader:353:34)
      at ModuleLoader.getModuleJobForImport (node:internal/modules/esm/loader:321:41)
      at async onImport.tracePromise.__proto__ (node:internal/modules/esm/loader:680:25),
  status: 500,
  statusText: undefined,
  headers: undefined,
  data: undefined,
  body: undefined,
  unhandled: true
}
SyntaxError: Export 'ssr_exports' is not defined in module
    at compileSourceTextModule (node:internal/modules/esm/utils:346:16)
    ... 7 lines matching cause stack trace ...
    at async onImport.tracePromise.__proto__ (node:internal/modules/esm/loader:680:25) {
  cause: SyntaxError: Export 'ssr_exports' is not defined in module
      at compileSourceTextModule (node:internal/modules/esm/utils:346:16)
      at ModuleLoader.moduleStrategy (node:internal/modules/esm/translators:110:18)
      at #translate (node:internal/modules/esm/loader:559:20)
      at afterLoad (node:internal/modules/esm/loader:612:29)
      at ModuleLoader.loadAndTranslate (node:internal/modules/esm/loader:617:12)
      at #createModuleJob (node:internal/modules/esm/loader:640:36)
      at #getJobFromResolveResult (node:internal/modules/esm/loader:353:34)
      at ModuleLoader.getModuleJobForImport (node:internal/modules/esm/loader:321:41)
      at async onImport.tracePromise.__proto__ (node:internal/modules/esm/loader:680:25),
  status: 500,
  statusText: undefined,
  headers: undefined,
  data: undefined,
  body: undefined,
  unhandled: true
}
SyntaxError: Export 'ssr_exports' is not defined in module
    at compileSourceTextModule (node:internal/modules/esm/utils:346:16)
    ... 7 lines matching cause stack trace ...
    at async onImport.tracePromise.__proto__ (node:internal/modules/esm/loader:680:25) {
  cause: SyntaxError: Export 'ssr_exports' is not defined in module
      at compileSourceTextModule (node:internal/modules/esm/utils:346:16)
      at ModuleLoader.moduleStrategy (node:internal/modules/esm/translators:110:18)
      at #translate (node:internal/modules/esm/loader:559:20)
      at afterLoad (node:internal/modules/esm/loader:612:29)
      at ModuleLoader.loadAndTranslate (node:internal/modules/esm/loader:617:12)
      at #createModuleJob (node:internal/modules/esm/loader:640:36)
      at #getJobFromResolveResult (node:internal/modules/esm/loader:353:34)
      at ModuleLoader.getModuleJobForImport (node:internal/modules/esm/loader:321:41)
      at async onImport.tracePromise.__proto__ (node:internal/modules/esm/loader:680:25),
  status: 500,
  statusText: undefined,
  headers: undefined,
  data: undefined,
  body: undefined,
  unhandled: true
}
SyntaxError: Export 'ssr_exports' is not defined in module
    at compileSourceTextModule (node:internal/modules/esm/utils:346:16)
    ... 7 lines matching cause stack trace ...
    at async onImport.tracePromise.__proto__ (node:internal/modules/esm/loader:680:25) {
  cause: SyntaxError: Export 'ssr_exports' is not defined in module
      at compileSourceTextModule (node:internal/modules/esm/utils:346:16)
      at ModuleLoader.moduleStrategy (node:internal/modules/esm/translators:110:18)
      at #translate (node:internal/modules/esm/loader:559:20)
      at afterLoad (node:internal/modules/esm/loader:612:29)
      at ModuleLoader.loadAndTranslate (node:internal/modules/esm/loader:617:12)
      at #createModuleJob (node:internal/modules/esm/loader:640:36)
      at #getJobFromResolveResult (node:internal/modules/esm/loader:353:34)
      at ModuleLoader.getModuleJobForImport (node:internal/modules/esm/loader:321:41)
      at async onImport.tracePromise.__proto__ (node:internal/modules/esm/loader:680:25),
  status: 500,
  statusText: undefined,
  headers: undefined,
  data: undefined,
  body: undefined,
  unhandled: true
}
SyntaxError: Export 'ssr_exports' is not defined in module
    at compileSourceTextModule (node:internal/modules/esm/utils:346:16)
    ... 7 lines matching cause stack trace ...
    at async onImport.tracePromise.__proto__ (node:internal/modules/esm/loader:680:25) {
  cause: SyntaxError: Export 'ssr_exports' is not defined in module
      at compileSourceTextModule (node:internal/modules/esm/utils:346:16)
      at ModuleLoader.moduleStrategy (node:internal/modules/esm/translators:110:18)
      at #translate (node:internal/modules/esm/loader:559:20)
      at afterLoad (node:internal/modules/esm/loader:612:29)
      at ModuleLoader.loadAndTranslate (node:internal/modules/esm/loader:617:12)
      at #createModuleJob (node:internal/modules/esm/loader:640:36)
      at #getJobFromResolveResult (node:internal/modules/esm/loader:353:34)
      at ModuleLoader.getModuleJobForImport (node:internal/modules/esm/loader:321:41)
      at async onImport.tracePromise.__proto__ (node:internal/modules/esm/loader:680:25),
  status: 500,
  statusText: undefined,
  headers: undefined,
  data: undefined,
  body: undefined,
  unhandled: true
}
SyntaxError: Export 'ssr_exports' is not defined in module
    at compileSourceTextModule (node:internal/modules/esm/utils:346:16)
    ... 7 lines matching cause stack trace ...
    at async onImport.tracePromise.__proto__ (node:internal/modules/esm/loader:680:25) {
  cause: SyntaxError: Export 'ssr_exports' is not defined in module
      at compileSourceTextModule (node:internal/modules/esm/utils:346:16)
      at ModuleLoader.moduleStrategy (node:internal/modules/esm/translators:110:18)
      at #translate (node:internal/modules/esm/loader:559:20)
      at afterLoad (node:internal/modules/esm/loader:612:29)
      at ModuleLoader.loadAndTranslate (node:internal/modules/esm/loader:617:12)
      at #createModuleJob (node:internal/modules/esm/loader:640:36)
      at #getJobFromResolveResult (node:internal/modules/esm/loader:353:34)
      at ModuleLoader.getModuleJobForImport (node:internal/modules/esm/loader:321:41)
      at async onImport.tracePromise.__proto__ (node:internal/modules/esm/loader:680:25),
  status: 500,
  statusText: undefined,
  headers: undefined,
  data: undefined,
  body: undefined,
  unhandled: true
}
SyntaxError: Export 'ssr_exports' is not defined in module
    at compileSourceTextModule (node:internal/modules/esm/utils:346:16)
    ... 7 lines matching cause stack trace ...
    at async onImport.tracePromise.__proto__ (node:internal/modules/esm/loader:680:25) {
  cause: SyntaxError: Export 'ssr_exports' is not defined in module
      at compileSourceTextModule (node:internal/modules/esm/utils:346:16)
      at ModuleLoader.moduleStrategy (node:internal/modules/esm/translators:110:18)
      at #translate (node:internal/modules/esm/loader:559:20)
      at afterLoad (node:internal/modules/esm/loader:612:29)
      at ModuleLoader.loadAndTranslate (node:internal/modules/esm/loader:617:12)
      at #createModuleJob (node:internal/modules/esm/loader:640:36)
      at #getJobFromResolveResult (node:internal/modules/esm/loader:353:34)
      at ModuleLoader.getModuleJobForImport (node:internal/modules/esm/loader:321:41)
      at async onImport.tracePromise.__proto__ (node:internal/modules/esm/loader:680:25),
  status: 500,
  statusText: undefined,
  headers: undefined,
  data: undefined,
  body: undefined,
  unhandled: true
}
SyntaxError: Export 'ssr_exports' is not defined in module
    at compileSourceTextModule (node:internal/modules/esm/utils:346:16)
    ... 7 lines matching cause stack trace ...
    at async onImport.tracePromise.__proto__ (node:internal/modules/esm/loader:680:25) {
  cause: SyntaxError: Export 'ssr_exports' is not defined in module
      at compileSourceTextModule (node:internal/modules/esm/utils:346:16)
      at ModuleLoader.moduleStrategy (node:internal/modules/esm/translators:110:18)
      at #translate (node:internal/modules/esm/loader:559:20)
      at afterLoad (node:internal/modules/esm/loader:612:29)
      at ModuleLoader.loadAndTranslate (node:internal/modules/esm/loader:617:12)
      at #createModuleJob (node:internal/modules/esm/loader:640:36)
      at #getJobFromResolveResult (node:internal/modules/esm/loader:353:34)
      at ModuleLoader.getModuleJobForImport (node:internal/modules/esm/loader:321:41)
      at async onImport.tracePromise.__proto__ (node:internal/modules/esm/loader:680:25),
  status: 500,
  statusText: undefined,
  headers: undefined,
  data: undefined,
  body: undefined,
  unhandled: true
}
SyntaxError: Export 'ssr_exports' is not defined in module
    at compileSourceTextModule (node:internal/modules/esm/utils:346:16)
    ... 7 lines matching cause stack trace ...
    at async onImport.tracePromise.__proto__ (node:internal/modules/esm/loader:680:25) {
  cause: SyntaxError: Export 'ssr_exports' is not defined in module
      at compileSourceTextModule (node:internal/modules/esm/utils:346:16)
      at ModuleLoader.moduleStrategy (node:internal/modules/esm/translators:110:18)
      at #translate (node:internal/modules/esm/loader:559:20)
      at afterLoad (node:internal/modules/esm/loader:612:29)
      at ModuleLoader.loadAndTranslate (node:internal/modules/esm/loader:617:12)
      at #createModuleJob (node:internal/modules/esm/loader:640:36)
      at #getJobFromResolveResult (node:internal/modules/esm/loader:353:34)
      at ModuleLoader.getModuleJobForImport (node:internal/modules/esm/loader:321:41)
      at async onImport.tracePromise.__proto__ (node:internal/modules/esm/loader:680:25),
  status: 500,
  statusText: undefined,
  headers: undefined,
  data: undefined,
  body: undefined,
  unhandled: true
}
SyntaxError: Export 'ssr_exports' is not defined in module
    at compileSourceTextModule (node:internal/modules/esm/utils:346:16)
    ... 7 lines matching cause stack trace ...
    at async onImport.tracePromise.__proto__ (node:internal/modules/esm/loader:680:25) {
  cause: SyntaxError: Export 'ssr_exports' is not defined in module
      at compileSourceTextModule (node:internal/modules/esm/utils:346:16)
      at ModuleLoader.moduleStrategy (node:internal/modules/esm/translators:110:18)
      at #translate (node:internal/modules/esm/loader:559:20)
      at afterLoad (node:internal/modules/esm/loader:612:29)
      at ModuleLoader.loadAndTranslate (node:internal/modules/esm/loader:617:12)
      at #createModuleJob (node:internal/modules/esm/loader:640:36)
      at #getJobFromResolveResult (node:internal/modules/esm/loader:353:34)
      at ModuleLoader.getModuleJobForImport (node:internal/modules/esm/loader:321:41)
      at async onImport.tracePromise.__proto__ (node:internal/modules/esm/loader:680:25),
  status: 500,
  statusText: undefined,
  headers: undefined,
  data: undefined,
  body: undefined,
  unhandled: true
}
SyntaxError: Export 'ssr_exports' is not defined in module
    at compileSourceTextModule (node:internal/modules/esm/utils:346:16)
    ... 7 lines matching cause stack trace ...
    at async onImport.tracePromise.__proto__ (node:internal/modules/esm/loader:680:25) {
  cause: SyntaxError: Export 'ssr_exports' is not defined in module
      at compileSourceTextModule (node:internal/modules/esm/utils:346:16)
      at ModuleLoader.moduleStrategy (node:internal/modules/esm/translators:110:18)
      at #translate (node:internal/modules/esm/loader:559:20)
      at afterLoad (node:internal/modules/esm/loader:612:29)
      at ModuleLoader.loadAndTranslate (node:internal/modules/esm/loader:617:12)
      at #createModuleJob (node:internal/modules/esm/loader:640:36)
      at #getJobFromResolveResult (node:internal/modules/esm/loader:353:34)
      at ModuleLoader.getModuleJobForImport (node:internal/modules/esm/loader:321:41)
      at async onImport.tracePromise.__proto__ (node:internal/modules/esm/loader:680:25),
  status: 500,
  statusText: undefined,
  headers: undefined,
  data: undefined,
  body: undefined,
  unhandled: true
}
SyntaxError: Export 'ssr_exports' is not defined in module
    at compileSourceTextModule (node:internal/modules/esm/utils:346:16)
    ... 7 lines matching cause stack trace ...
    at async onImport.tracePromise.__proto__ (node:internal/modules/esm/loader:680:25) {
  cause: SyntaxError: Export 'ssr_exports' is not defined in module
      at compileSourceTextModule (node:internal/modules/esm/utils:346:16)
      at ModuleLoader.moduleStrategy (node:internal/modules/esm/translators:110:18)
      at #translate (node:internal/modules/esm/loader:559:20)
      at afterLoad (node:internal/modules/esm/loader:612:29)
      at ModuleLoader.loadAndTranslate (node:internal/modules/esm/loader:617:12)
      at #createModuleJob (node:internal/modules/esm/loader:640:36)
      at #getJobFromResolveResult (node:internal/modules/esm/loader:353:34)
      at ModuleLoader.getModuleJobForImport (node:internal/modules/esm/loader:321:41)
      at async onImport.tracePromise.__proto__ (node:internal/modules/esm/loader:680:25),
  status: 500,
  statusText: undefined,
  headers: undefined,
  data: undefined,
  body: undefined,
  unhandled: true
}
SyntaxError: Export 'ssr_exports' is not defined in module
    at compileSourceTextModule (node:internal/modules/esm/utils:346:16)
    ... 7 lines matching cause stack trace ...
    at async onImport.tracePromise.__proto__ (node:internal/modules/esm/loader:680:25) {
  cause: SyntaxError: Export 'ssr_exports' is not defined in module
      at compileSourceTextModule (node:internal/modules/esm/utils:346:16)
      at ModuleLoader.moduleStrategy (node:internal/modules/esm/translators:110:18)
      at #translate (node:internal/modules/esm/loader:559:20)
      at afterLoad (node:internal/modules/esm/loader:612:29)
      at ModuleLoader.loadAndTranslate (node:internal/modules/esm/loader:617:12)
      at #createModuleJob (node:internal/modules/esm/loader:640:36)
      at #getJobFromResolveResult (node:internal/modules/esm/loader:353:34)
      at ModuleLoader.getModuleJobForImport (node:internal/modules/esm/loader:321:41)
      at async onImport.tracePromise.__proto__ (node:internal/modules/esm/loader:680:25),
  status: 500,
  statusText: undefined,
  headers: undefined,
  data: undefined,
  body: undefined,
  unhandled: true
}
SyntaxError: Export 'ssr_exports' is not defined in module
    at compileSourceTextModule (node:internal/modules/esm/utils:346:16)
    ... 7 lines matching cause stack trace ...
    at async onImport.tracePromise.__proto__ (node:internal/modules/esm/loader:680:25) {
  cause: SyntaxError: Export 'ssr_exports' is not defined in module
      at compileSourceTextModule (node:internal/modules/esm/utils:346:16)
      at ModuleLoader.moduleStrategy (node:internal/modules/esm/translators:110:18)
      at #translate (node:internal/modules/esm/loader:559:20)
      at afterLoad (node:internal/modules/esm/loader:612:29)
      at ModuleLoader.loadAndTranslate (node:internal/modules/esm/loader:617:12)
      at #createModuleJob (node:internal/modules/esm/loader:640:36)
      at #getJobFromResolveResult (node:internal/modules/esm/loader:353:34)
      at ModuleLoader.getModuleJobForImport (node:internal/modules/esm/loader:321:41)
      at async onImport.tracePromise.__proto__ (node:internal/modules/esm/loader:680:25),
  status: 500,
  statusText: undefined,
  headers: undefined,
  data: undefined,
  body: undefined,
  unhandled: true
}
SyntaxError: Export 'ssr_exports' is not defined in module
    at compileSourceTextModule (node:internal/modules/esm/utils:346:16)
    ... 7 lines matching cause stack trace ...
    at async onImport.tracePromise.__proto__ (node:internal/modules/esm/loader:680:25) {
  cause: SyntaxError: Export 'ssr_exports' is not defined in module
      at compileSourceTextModule (node:internal/modules/esm/utils:346:16)
      at ModuleLoader.moduleStrategy (node:internal/modules/esm/translators:110:18)
      at #translate (node:internal/modules/esm/loader:559:20)
      at afterLoad (node:internal/modules/esm/loader:612:29)
      at ModuleLoader.loadAndTranslate (node:internal/modules/esm/loader:617:12)
      at #createModuleJob (node:internal/modules/esm/loader:640:36)
      at #getJobFromResolveResult (node:internal/modules/esm/loader:353:34)
      at ModuleLoader.getModuleJobForImport (node:internal/modules/esm/loader:321:41)
      at async onImport.tracePromise.__proto__ (node:internal/modules/esm/loader:680:25),
  status: 500,
  statusText: undefined,
  headers: undefined,
  data: undefined,
  body: undefined,
  unhandled: true
}
SyntaxError: Export 'ssr_exports' is not defined in module
    at compileSourceTextModule (node:internal/modules/esm/utils:346:16)
    ... 7 lines matching cause stack trace ...
    at async onImport.tracePromise.__proto__ (node:internal/modules/esm/loader:680:25) {
  cause: SyntaxError: Export 'ssr_exports' is not defined in module
      at compileSourceTextModule (node:internal/modules/esm/utils:346:16)
      at ModuleLoader.moduleStrategy (node:internal/modules/esm/translators:110:18)
      at #translate (node:internal/modules/esm/loader:559:20)
      at afterLoad (node:internal/modules/esm/loader:612:29)
      at ModuleLoader.loadAndTranslate (node:internal/modules/esm/loader:617:12)
      at #createModuleJob (node:internal/modules/esm/loader:640:36)
      at #getJobFromResolveResult (node:internal/modules/esm/loader:353:34)
      at ModuleLoader.getModuleJobForImport (node:internal/modules/esm/loader:321:41)
      at async onImport.tracePromise.__proto__ (node:internal/modules/esm/loader:680:25),
  status: 500,
  statusText: undefined,
  headers: undefined,
  data: undefined,
  body: undefined,
  unhandled: true
}
SyntaxError: Export 'ssr_exports' is not defined in module
    at compileSourceTextModule (node:internal/modules/esm/utils:346:16)
    ... 7 lines matching cause stack trace ...
    at async onImport.tracePromise.__proto__ (node:internal/modules/esm/loader:680:25) {
  cause: SyntaxError: Export 'ssr_exports' is not defined in module
      at compileSourceTextModule (node:internal/modules/esm/utils:346:16)
      at ModuleLoader.moduleStrategy (node:internal/modules/esm/translators:110:18)
      at #translate (node:internal/modules/esm/loader:559:20)
      at afterLoad (node:internal/modules/esm/loader:612:29)
      at ModuleLoader.loadAndTranslate (node:internal/modules/esm/loader:617:12)
      at #createModuleJob (node:internal/modules/esm/loader:640:36)
      at #getJobFromResolveResult (node:internal/modules/esm/loader:353:34)
      at ModuleLoader.getModuleJobForImport (node:internal/modules/esm/loader:321:41)
      at async onImport.tracePromise.__proto__ (node:internal/modules/esm/loader:680:25),
  status: 500,
  statusText: undefined,
  headers: undefined,
  data: undefined,
  body: undefined,
  unhandled: true
}
SyntaxError: Export 'ssr_exports' is not defined in module
    at compileSourceTextModule (node:internal/modules/esm/utils:346:16)
    ... 7 lines matching cause stack trace ...
    at async onImport.tracePromise.__proto__ (node:internal/modules/esm/loader:680:25) {
  cause: SyntaxError: Export 'ssr_exports' is not defined in module
      at compileSourceTextModule (node:internal/modules/esm/utils:346:16)
      at ModuleLoader.moduleStrategy (node:internal/modules/esm/translators:110:18)
      at #translate (node:internal/modules/esm/loader:559:20)
      at afterLoad (node:internal/modules/esm/loader:612:29)
      at ModuleLoader.loadAndTranslate (node:internal/modules/esm/loader:617:12)
      at #createModuleJob (node:internal/modules/esm/loader:640:36)
      at #getJobFromResolveResult (node:internal/modules/esm/loader:353:34)
      at ModuleLoader.getModuleJobForImport (node:internal/modules/esm/loader:321:41)
      at async onImport.tracePromise.__proto__ (node:internal/modules/esm/loader:680:25),
  status: 500,
  statusText: undefined,
  headers: undefined,
  data: undefined,
  body: undefined,
  unhandled: true
}
SyntaxError: Export 'ssr_exports' is not defined in module
    at compileSourceTextModule (node:internal/modules/esm/utils:346:16)
    ... 7 lines matching cause stack trace ...
    at async onImport.tracePromise.__proto__ (node:internal/modules/esm/loader:680:25) {
  cause: SyntaxError: Export 'ssr_exports' is not defined in module
      at compileSourceTextModule (node:internal/modules/esm/utils:346:16)
      at ModuleLoader.moduleStrategy (node:internal/modules/esm/translators:110:18)
      at #translate (node:internal/modules/esm/loader:559:20)
      at afterLoad (node:internal/modules/esm/loader:612:29)
      at ModuleLoader.loadAndTranslate (node:internal/modules/esm/loader:617:12)
      at #createModuleJob (node:internal/modules/esm/loader:640:36)
      at #getJobFromResolveResult (node:internal/modules/esm/loader:353:34)
      at ModuleLoader.getModuleJobForImport (node:internal/modules/esm/loader:321:41)
      at async onImport.tracePromise.__proto__ (node:internal/modules/esm/loader:680:25),
  status: 500,
  statusText: undefined,
  headers: undefined,
  data: undefined,
  body: undefined,
  unhandled: true
}
SyntaxError: Export 'ssr_exports' is not defined in module
    at compileSourceTextModule (node:internal/modules/esm/utils:346:16)
    ... 7 lines matching cause stack trace ...
    at async onImport.tracePromise.__proto__ (node:internal/modules/esm/loader:680:25) {
  cause: SyntaxError: Export 'ssr_exports' is not defined in module
      at compileSourceTextModule (node:internal/modules/esm/utils:346:16)
      at ModuleLoader.moduleStrategy (node:internal/modules/esm/translators:110:18)
      at #translate (node:internal/modules/esm/loader:559:20)
      at afterLoad (node:internal/modules/esm/loader:612:29)
      at ModuleLoader.loadAndTranslate (node:internal/modules/esm/loader:617:12)
      at #createModuleJob (node:internal/modules/esm/loader:640:36)
      at #getJobFromResolveResult (node:internal/modules/esm/loader:353:34)
      at ModuleLoader.getModuleJobForImport (node:internal/modules/esm/loader:321:41)
      at async onImport.tracePromise.__proto__ (node:internal/modules/esm/loader:680:25),
  status: 500,
  statusText: undefined,
  headers: undefined,
  data: undefined,
  body: undefined,
  unhandled: true
}
SyntaxError: Export 'ssr_exports' is not defined in module
    at compileSourceTextModule (node:internal/modules/esm/utils:346:16)
    ... 7 lines matching cause stack trace ...
    at async onImport.tracePromise.__proto__ (node:internal/modules/esm/loader:680:25) {
  cause: SyntaxError: Export 'ssr_exports' is not defined in module
      at compileSourceTextModule (node:internal/modules/esm/utils:346:16)
      at ModuleLoader.moduleStrategy (node:internal/modules/esm/translators:110:18)
      at #translate (node:internal/modules/esm/loader:559:20)
      at afterLoad (node:internal/modules/esm/loader:612:29)
      at ModuleLoader.loadAndTranslate (node:internal/modules/esm/loader:617:12)
      at #createModuleJob (node:internal/modules/esm/loader:640:36)
      at #getJobFromResolveResult (node:internal/modules/esm/loader:353:34)
      at ModuleLoader.getModuleJobForImport (node:internal/modules/esm/loader:321:41)
      at async onImport.tracePromise.__proto__ (node:internal/modules/esm/loader:680:25),
  status: 500,
  statusText: undefined,
  headers: undefined,
  data: undefined,
  body: undefined,
  unhandled: true
}
SyntaxError: Export 'ssr_exports' is not defined in module
    at compileSourceTextModule (node:internal/modules/esm/utils:346:16)
    ... 7 lines matching cause stack trace ...
    at async onImport.tracePromise.__proto__ (node:internal/modules/esm/loader:680:25) {
  cause: SyntaxError: Export 'ssr_exports' is not defined in module
      at compileSourceTextModule (node:internal/modules/esm/utils:346:16)
      at ModuleLoader.moduleStrategy (node:internal/modules/esm/translators:110:18)
      at #translate (node:internal/modules/esm/loader:559:20)
      at afterLoad (node:internal/modules/esm/loader:612:29)
      at ModuleLoader.loadAndTranslate (node:internal/modules/esm/loader:617:12)
      at #createModuleJob (node:internal/modules/esm/loader:640:36)
      at #getJobFromResolveResult (node:internal/modules/esm/loader:353:34)
      at ModuleLoader.getModuleJobForImport (node:internal/modules/esm/loader:321:41)
      at async onImport.tracePromise.__proto__ (node:internal/modules/esm/loader:680:25),
  status: 500,
  statusText: undefined,
  headers: undefined,
  data: undefined,
  body: undefined,
  unhandled: true
}
SyntaxError: Export 'ssr_exports' is not defined in module
    at compileSourceTextModule (node:internal/modules/esm/utils:346:16)
    ... 7 lines matching cause stack trace ...
    at async onImport.tracePromise.__proto__ (node:internal/modules/esm/loader:680:25) {
  cause: SyntaxError: Export 'ssr_exports' is not defined in module
      at compileSourceTextModule (node:internal/modules/esm/utils:346:16)
      at ModuleLoader.moduleStrategy (node:internal/modules/esm/translators:110:18)
      at #translate (node:internal/modules/esm/loader:559:20)
      at afterLoad (node:internal/modules/esm/loader:612:29)
      at ModuleLoader.loadAndTranslate (node:internal/modules/esm/loader:617:12)
      at #createModuleJob (node:internal/modules/esm/loader:640:36)
      at #getJobFromResolveResult (node:internal/modules/esm/loader:353:34)
      at ModuleLoader.getModuleJobForImport (node:internal/modules/esm/loader:321:41)
      at async onImport.tracePromise.__proto__ (node:internal/modules/esm/loader:680:25),
  status: 500,
  statusText: undefined,
  headers: undefined,
  data: undefined,
  body: undefined,
  unhandled: true
}
SyntaxError: Export 'ssr_exports' is not defined in module
    at compileSourceTextModule (node:internal/modules/esm/utils:346:16)
    ... 7 lines matching cause stack trace ...
    at async onImport.tracePromise.__proto__ (node:internal/modules/esm/loader:680:25) {
  cause: SyntaxError: Export 'ssr_exports' is not defined in module
      at compileSourceTextModule (node:internal/modules/esm/utils:346:16)
      at ModuleLoader.moduleStrategy (node:internal/modules/esm/translators:110:18)
      at #translate (node:internal/modules/esm/loader:559:20)
      at afterLoad (node:internal/modules/esm/loader:612:29)
      at ModuleLoader.loadAndTranslate (node:internal/modules/esm/loader:617:12)
      at #createModuleJob (node:internal/modules/esm/loader:640:36)
      at #getJobFromResolveResult (node:internal/modules/esm/loader:353:34)
      at ModuleLoader.getModuleJobForImport (node:internal/modules/esm/loader:321:41)
      at async onImport.tracePromise.__proto__ (node:internal/modules/esm/loader:680:25),
  status: 500,
  statusText: undefined,
  headers: undefined,
  data: undefined,
  body: undefined,
  unhandled: true
}
SyntaxError: Export 'ssr_exports' is not defined in module
    at compileSourceTextModule (node:internal/modules/esm/utils:346:16)
    ... 7 lines matching cause stack trace ...
    at async onImport.tracePromise.__proto__ (node:internal/modules/esm/loader:680:25) {
  cause: SyntaxError: Export 'ssr_exports' is not defined in module
      at compileSourceTextModule (node:internal/modules/esm/utils:346:16)
      at ModuleLoader.moduleStrategy (node:internal/modules/esm/translators:110:18)
      at #translate (node:internal/modules/esm/loader:559:20)
      at afterLoad (node:internal/modules/esm/loader:612:29)
      at ModuleLoader.loadAndTranslate (node:internal/modules/esm/loader:617:12)
      at #createModuleJob (node:internal/modules/esm/loader:640:36)
      at #getJobFromResolveResult (node:internal/modules/esm/loader:353:34)
      at ModuleLoader.getModuleJobForImport (node:internal/modules/esm/loader:321:41)
      at async onImport.tracePromise.__proto__ (node:internal/modules/esm/loader:680:25),
  status: 500,
  statusText: undefined,
  headers: undefined,
  data: undefined,
  body: undefined,
  unhandled: true
}
SyntaxError: Export 'ssr_exports' is not defined in module
    at compileSourceTextModule (node:internal/modules/esm/utils:346:16)
    ... 7 lines matching cause stack trace ...
    at async onImport.tracePromise.__proto__ (node:internal/modules/esm/loader:680:25) {
  cause: SyntaxError: Export 'ssr_exports' is not defined in module
      at compileSourceTextModule (node:internal/modules/esm/utils:346:16)
      at ModuleLoader.moduleStrategy (node:internal/modules/esm/translators:110:18)
      at #translate (node:internal/modules/esm/loader:559:20)
      at afterLoad (node:internal/modules/esm/loader:612:29)
      at ModuleLoader.loadAndTranslate (node:internal/modules/esm/loader:617:12)
      at #createModuleJob (node:internal/modules/esm/loader:640:36)
      at #getJobFromResolveResult (node:internal/modules/esm/loader:353:34)
      at ModuleLoader.getModuleJobForImport (node:internal/modules/esm/loader:321:41)
      at async onImport.tracePromise.__proto__ (node:internal/modules/esm/loader:680:25),
  status: 500,
  statusText: undefined,
  headers: undefined,
  data: undefined,
  body: undefined,
  unhandled: true
}
SyntaxError: Export 'ssr_exports' is not defined in module
    at compileSourceTextModule (node:internal/modules/esm/utils:346:16)
    ... 7 lines matching cause stack trace ...
    at async onImport.tracePromise.__proto__ (node:internal/modules/esm/loader:680:25) {
  cause: SyntaxError: Export 'ssr_exports' is not defined in module
      at compileSourceTextModule (node:internal/modules/esm/utils:346:16)
      at ModuleLoader.moduleStrategy (node:internal/modules/esm/translators:110:18)
      at #translate (node:internal/modules/esm/loader:559:20)
      at afterLoad (node:internal/modules/esm/loader:612:29)
      at ModuleLoader.loadAndTranslate (node:internal/modules/esm/loader:617:12)
      at #createModuleJob (node:internal/modules/esm/loader:640:36)
      at #getJobFromResolveResult (node:internal/modules/esm/loader:353:34)
      at ModuleLoader.getModuleJobForImport (node:internal/modules/esm/loader:321:41)
      at async onImport.tracePromise.__proto__ (node:internal/modules/esm/loader:680:25),
  status: 500,
  statusText: undefined,
  headers: undefined,
  data: undefined,
  body: undefined,
  unhandled: true
}
SyntaxError: Export 'ssr_exports' is not defined in module
    at compileSourceTextModule (node:internal/modules/esm/utils:346:16)
    ... 7 lines matching cause stack trace ...
    at async onImport.tracePromise.__proto__ (node:internal/modules/esm/loader:680:25) {
  cause: SyntaxError: Export 'ssr_exports' is not defined in module
      at compileSourceTextModule (node:internal/modules/esm/utils:346:16)
      at ModuleLoader.moduleStrategy (node:internal/modules/esm/translators:110:18)
      at #translate (node:internal/modules/esm/loader:559:20)
      at afterLoad (node:internal/modules/esm/loader:612:29)
      at ModuleLoader.loadAndTranslate (node:internal/modules/esm/loader:617:12)
      at #createModuleJob (node:internal/modules/esm/loader:640:36)
      at #getJobFromResolveResult (node:internal/modules/esm/loader:353:34)
      at ModuleLoader.getModuleJobForImport (node:internal/modules/esm/loader:321:41)
      at async onImport.tracePromise.__proto__ (node:internal/modules/esm/loader:680:25),
  status: 500,
  statusText: undefined,
  headers: undefined,
  data: undefined,
  body: undefined,
  unhandled: true
}
SyntaxError: Export 'ssr_exports' is not defined in module
    at compileSourceTextModule (node:internal/modules/esm/utils:346:16)
    ... 7 lines matching cause stack trace ...
    at async onImport.tracePromise.__proto__ (node:internal/modules/esm/loader:680:25) {
  cause: SyntaxError: Export 'ssr_exports' is not defined in module
      at compileSourceTextModule (node:internal/modules/esm/utils:346:16)
      at ModuleLoader.moduleStrategy (node:internal/modules/esm/translators:110:18)
      at #translate (node:internal/modules/esm/loader:559:20)
      at afterLoad (node:internal/modules/esm/loader:612:29)
      at ModuleLoader.loadAndTranslate (node:internal/modules/esm/loader:617:12)
      at #createModuleJob (node:internal/modules/esm/loader:640:36)
      at #getJobFromResolveResult (node:internal/modules/esm/loader:353:34)
      at ModuleLoader.getModuleJobForImport (node:internal/modules/esm/loader:321:41)
      at async onImport.tracePromise.__proto__ (node:internal/modules/esm/loader:680:25),
  status: 500,
  statusText: undefined,
  headers: undefined,
  data: undefined,
  body: undefined,
  unhandled: true
}
SyntaxError: Export 'ssr_exports' is not defined in module
    at compileSourceTextModule (node:internal/modules/esm/utils:346:16)
    ... 7 lines matching cause stack trace ...
    at async onImport.tracePromise.__proto__ (node:internal/modules/esm/loader:680:25) {
  cause: SyntaxError: Export 'ssr_exports' is not defined in module
      at compileSourceTextModule (node:internal/modules/esm/utils:346:16)
      at ModuleLoader.moduleStrategy (node:internal/modules/esm/translators:110:18)
      at #translate (node:internal/modules/esm/loader:559:20)
      at afterLoad (node:internal/modules/esm/loader:612:29)
      at ModuleLoader.loadAndTranslate (node:internal/modules/esm/loader:617:12)
      at #createModuleJob (node:internal/modules/esm/loader:640:36)
      at #getJobFromResolveResult (node:internal/modules/esm/loader:353:34)
      at ModuleLoader.getModuleJobForImport (node:internal/modules/esm/loader:321:41)
      at async onImport.tracePromise.__proto__ (node:internal/modules/esm/loader:680:25),
  status: 500,
  statusText: undefined,
  headers: undefined,
  data: undefined,
  body: undefined,
  unhandled: true
}
SyntaxError: Export 'ssr_exports' is not defined in module
    at compileSourceTextModule (node:internal/modules/esm/utils:346:16)
    ... 7 lines matching cause stack trace ...
    at async onImport.tracePromise.__proto__ (node:internal/modules/esm/loader:680:25) {
  cause: SyntaxError: Export 'ssr_exports' is not defined in module
      at compileSourceTextModule (node:internal/modules/esm/utils:346:16)
      at ModuleLoader.moduleStrategy (node:internal/modules/esm/translators:110:18)
      at #translate (node:internal/modules/esm/loader:559:20)
      at afterLoad (node:internal/modules/esm/loader:612:29)
      at ModuleLoader.loadAndTranslate (node:internal/modules/esm/loader:617:12)
      at #createModuleJob (node:internal/modules/esm/loader:640:36)
      at #getJobFromResolveResult (node:internal/modules/esm/loader:353:34)
      at ModuleLoader.getModuleJobForImport (node:internal/modules/esm/loader:321:41)
      at async onImport.tracePromise.__proto__ (node:internal/modules/esm/loader:680:25),
  status: 500,
  statusText: undefined,
  headers: undefined,
  data: undefined,
  body: undefined,
  unhandled: true
}
SyntaxError: Export 'ssr_exports' is not defined in module
    at compileSourceTextModule (node:internal/modules/esm/utils:346:16)
    ... 7 lines matching cause stack trace ...
    at async onImport.tracePromise.__proto__ (node:internal/modules/esm/loader:680:25) {
  cause: SyntaxError: Export 'ssr_exports' is not defined in module
      at compileSourceTextModule (node:internal/modules/esm/utils:346:16)
      at ModuleLoader.moduleStrategy (node:internal/modules/esm/translators:110:18)
      at #translate (node:internal/modules/esm/loader:559:20)
      at afterLoad (node:internal/modules/esm/loader:612:29)
      at ModuleLoader.loadAndTranslate (node:internal/modules/esm/loader:617:12)
      at #createModuleJob (node:internal/modules/esm/loader:640:36)
      at #getJobFromResolveResult (node:internal/modules/esm/loader:353:34)
      at ModuleLoader.getModuleJobForImport (node:internal/modules/esm/loader:321:41)
      at async onImport.tracePromise.__proto__ (node:internal/modules/esm/loader:680:25),
  status: 500,
  statusText: undefined,
  headers: undefined,
  data: undefined,
  body: undefined,
  unhandled: true
}
SyntaxError: Export 'ssr_exports' is not defined in module
    at compileSourceTextModule (node:internal/modules/esm/utils:346:16)
    ... 7 lines matching cause stack trace ...
    at async onImport.tracePromise.__proto__ (node:internal/modules/esm/loader:680:25) {
  cause: SyntaxError: Export 'ssr_exports' is not defined in module
      at compileSourceTextModule (node:internal/modules/esm/utils:346:16)
      at ModuleLoader.moduleStrategy (node:internal/modules/esm/translators:110:18)
      at #translate (node:internal/modules/esm/loader:559:20)
      at afterLoad (node:internal/modules/esm/loader:612:29)
      at ModuleLoader.loadAndTranslate (node:internal/modules/esm/loader:617:12)
      at #createModuleJob (node:internal/modules/esm/loader:640:36)
      at #getJobFromResolveResult (node:internal/modules/esm/loader:353:34)
      at ModuleLoader.getModuleJobForImport (node:internal/modules/esm/loader:321:41)
      at async onImport.tracePromise.__proto__ (node:internal/modules/esm/loader:680:25),
  status: 500,
  statusText: undefined,
  headers: undefined,
  data: undefined,
  body: undefined,
  unhandled: true
}
SyntaxError: Export 'ssr_exports' is not defined in module
    at compileSourceTextModule (node:internal/modules/esm/utils:346:16)
    ... 7 lines matching cause stack trace ...
    at async onImport.tracePromise.__proto__ (node:internal/modules/esm/loader:680:25) {
  cause: SyntaxError: Export 'ssr_exports' is not defined in module
      at compileSourceTextModule (node:internal/modules/esm/utils:346:16)
      at ModuleLoader.moduleStrategy (node:internal/modules/esm/translators:110:18)
      at #translate (node:internal/modules/esm/loader:559:20)
      at afterLoad (node:internal/modules/esm/loader:612:29)
      at ModuleLoader.loadAndTranslate (node:internal/modules/esm/loader:617:12)
      at #createModuleJob (node:internal/modules/esm/loader:640:36)
      at #getJobFromResolveResult (node:internal/modules/esm/loader:353:34)
      at ModuleLoader.getModuleJobForImport (node:internal/modules/esm/loader:321:41)
      at async onImport.tracePromise.__proto__ (node:internal/modules/esm/loader:680:25),
  status: 500,
  statusText: undefined,
  headers: undefined,
  data: undefined,
  body: undefined,
  unhandled: true
}
SyntaxError: Export 'ssr_exports' is not defined in module
    at compileSourceTextModule (node:internal/modules/esm/utils:346:16)
    ... 7 lines matching cause stack trace ...
    at async onImport.tracePromise.__proto__ (node:internal/modules/esm/loader:680:25) {
  cause: SyntaxError: Export 'ssr_exports' is not defined in module
      at compileSourceTextModule (node:internal/modules/esm/utils:346:16)
      at ModuleLoader.moduleStrategy (node:internal/modules/esm/translators:110:18)
      at #translate (node:internal/modules/esm/loader:559:20)
      at afterLoad (node:internal/modules/esm/loader:612:29)
      at ModuleLoader.loadAndTranslate (node:internal/modules/esm/loader:617:12)
      at #createModuleJob (node:internal/modules/esm/loader:640:36)
      at #getJobFromResolveResult (node:internal/modules/esm/loader:353:34)
      at ModuleLoader.getModuleJobForImport (node:internal/modules/esm/loader:321:41)
      at async onImport.tracePromise.__proto__ (node:internal/modules/esm/loader:680:25),
  status: 500,
  statusText: undefined,
  headers: undefined,
  data: undefined,
  body: undefined,
  unhandled: true
}
SyntaxError: Export 'ssr_exports' is not defined in module
    at compileSourceTextModule (node:internal/modules/esm/utils:346:16)
    ... 7 lines matching cause stack trace ...
    at async onImport.tracePromise.__proto__ (node:internal/modules/esm/loader:680:25) {
  cause: SyntaxError: Export 'ssr_exports' is not defined in module
      at compileSourceTextModule (node:internal/modules/esm/utils:346:16)
      at ModuleLoader.moduleStrategy (node:internal/modules/esm/translators:110:18)
      at #translate (node:internal/modules/esm/loader:559:20)
      at afterLoad (node:internal/modules/esm/loader:612:29)
      at ModuleLoader.loadAndTranslate (node:internal/modules/esm/loader:617:12)
      at #createModuleJob (node:internal/modules/esm/loader:640:36)
      at #getJobFromResolveResult (node:internal/modules/esm/loader:353:34)
      at ModuleLoader.getModuleJobForImport (node:internal/modules/esm/loader:321:41)
      at async onImport.tracePromise.__proto__ (node:internal/modules/esm/loader:680:25),
  status: 500,
  statusText: undefined,
  headers: undefined,
  data: undefined,
  body: undefined,
  unhandled: true
}
SyntaxError: Export 'ssr_exports' is not defined in module
    at compileSourceTextModule (node:internal/modules/esm/utils:346:16)
    ... 7 lines matching cause stack trace ...
    at async onImport.tracePromise.__proto__ (node:internal/modules/esm/loader:680:25) {
  cause: SyntaxError: Export 'ssr_exports' is not defined in module
      at compileSourceTextModule (node:internal/modules/esm/utils:346:16)
      at ModuleLoader.moduleStrategy (node:internal/modules/esm/translators:110:18)
      at #translate (node:internal/modules/esm/loader:559:20)
      at afterLoad (node:internal/modules/esm/loader:612:29)
      at ModuleLoader.loadAndTranslate (node:internal/modules/esm/loader:617:12)
      at #createModuleJob (node:internal/modules/esm/loader:640:36)
      at #getJobFromResolveResult (node:internal/modules/esm/loader:353:34)
      at ModuleLoader.getModuleJobForImport (node:internal/modules/esm/loader:321:41)
      at async onImport.tracePromise.__proto__ (node:internal/modules/esm/loader:680:25),
  status: 500,
  statusText: undefined,
  headers: undefined,
  data: undefined,
  body: undefined,
  unhandled: true
}
SyntaxError: Export 'ssr_exports' is not defined in module
    at compileSourceTextModule (node:internal/modules/esm/utils:346:16)
    ... 7 lines matching cause stack trace ...
    at async onImport.tracePromise.__proto__ (node:internal/modules/esm/loader:680:25) {
  cause: SyntaxError: Export 'ssr_exports' is not defined in module
      at compileSourceTextModule (node:internal/modules/esm/utils:346:16)
      at ModuleLoader.moduleStrategy (node:internal/modules/esm/translators:110:18)
      at #translate (node:internal/modules/esm/loader:559:20)
      at afterLoad (node:internal/modules/esm/loader:612:29)
      at ModuleLoader.loadAndTranslate (node:internal/modules/esm/loader:617:12)
      at #createModuleJob (node:internal/modules/esm/loader:640:36)
      at #getJobFromResolveResult (node:internal/modules/esm/loader:353:34)
      at ModuleLoader.getModuleJobForImport (node:internal/modules/esm/loader:321:41)
      at async onImport.tracePromise.__proto__ (node:internal/modules/esm/loader:680:25),
  status: 500,
  statusText: undefined,
  headers: undefined,
  data: undefined,
  body: undefined,
  unhandled: true
}
SyntaxError: Export 'ssr_exports' is not defined in module
    at compileSourceTextModule (node:internal/modules/esm/utils:346:16)
    ... 7 lines matching cause stack trace ...
    at async onImport.tracePromise.__proto__ (node:internal/modules/esm/loader:680:25) {
  cause: SyntaxError: Export 'ssr_exports' is not defined in module
      at compileSourceTextModule (node:internal/modules/esm/utils:346:16)
      at ModuleLoader.moduleStrategy (node:internal/modules/esm/translators:110:18)
      at #translate (node:internal/modules/esm/loader:559:20)
      at afterLoad (node:internal/modules/esm/loader:612:29)
      at ModuleLoader.loadAndTranslate (node:internal/modules/esm/loader:617:12)
      at #createModuleJob (node:internal/modules/esm/loader:640:36)
      at #getJobFromResolveResult (node:internal/modules/esm/loader:353:34)
      at ModuleLoader.getModuleJobForImport (node:internal/modules/esm/loader:321:41)
      at async onImport.tracePromise.__proto__ (node:internal/modules/esm/loader:680:25),
  status: 500,
  statusText: undefined,
  headers: undefined,
  data: undefined,
  body: undefined,
  unhandled: true
}
SyntaxError: Export 'ssr_exports' is not defined in module
    at compileSourceTextModule (node:internal/modules/esm/utils:346:16)
    ... 7 lines matching cause stack trace ...
    at async onImport.tracePromise.__proto__ (node:internal/modules/esm/loader:680:25) {
  cause: SyntaxError: Export 'ssr_exports' is not defined in module
      at compileSourceTextModule (node:internal/modules/esm/utils:346:16)
      at ModuleLoader.moduleStrategy (node:internal/modules/esm/translators:110:18)
      at #translate (node:internal/modules/esm/loader:559:20)
      at afterLoad (node:internal/modules/esm/loader:612:29)
      at ModuleLoader.loadAndTranslate (node:internal/modules/esm/loader:617:12)
      at #createModuleJob (node:internal/modules/esm/loader:640:36)
      at #getJobFromResolveResult (node:internal/modules/esm/loader:353:34)
      at ModuleLoader.getModuleJobForImport (node:internal/modules/esm/loader:321:41)
      at async onImport.tracePromise.__proto__ (node:internal/modules/esm/loader:680:25),
  status: 500,
  statusText: undefined,
  headers: undefined,
  data: undefined,
  body: undefined,
  unhandled: true
}
SyntaxError: Export 'ssr_exports' is not defined in module
    at compileSourceTextModule (node:internal/modules/esm/utils:346:16)
    ... 7 lines matching cause stack trace ...
    at async onImport.tracePromise.__proto__ (node:internal/modules/esm/loader:680:25) {
  cause: SyntaxError: Export 'ssr_exports' is not defined in module
      at compileSourceTextModule (node:internal/modules/esm/utils:346:16)
      at ModuleLoader.moduleStrategy (node:internal/modules/esm/translators:110:18)
      at #translate (node:internal/modules/esm/loader:559:20)
      at afterLoad (node:internal/modules/esm/loader:612:29)
      at ModuleLoader.loadAndTranslate (node:internal/modules/esm/loader:617:12)
      at #createModuleJob (node:internal/modules/esm/loader:640:36)
      at #getJobFromResolveResult (node:internal/modules/esm/loader:353:34)
      at ModuleLoader.getModuleJobForImport (node:internal/modules/esm/loader:321:41)
      at async onImport.tracePromise.__proto__ (node:internal/modules/esm/loader:680:25),
  status: 500,
  statusText: undefined,
  headers: undefined,
  data: undefined,
  body: undefined,
  unhandled: true
}
SyntaxError: Export 'ssr_exports' is not defined in module
    at compileSourceTextModule (node:internal/modules/esm/utils:346:16)
    ... 7 lines matching cause stack trace ...
    at async onImport.tracePromise.__proto__ (node:internal/modules/esm/loader:680:25) {
  cause: SyntaxError: Export 'ssr_exports' is not defined in module
      at compileSourceTextModule (node:internal/modules/esm/utils:346:16)
      at ModuleLoader.moduleStrategy (node:internal/modules/esm/translators:110:18)
      at #translate (node:internal/modules/esm/loader:559:20)
      at afterLoad (node:internal/modules/esm/loader:612:29)
      at ModuleLoader.loadAndTranslate (node:internal/modules/esm/loader:617:12)
      at #createModuleJob (node:internal/modules/esm/loader:640:36)
      at #getJobFromResolveResult (node:internal/modules/esm/loader:353:34)
      at ModuleLoader.getModuleJobForImport (node:internal/modules/esm/loader:321:41)
      at async onImport.tracePromise.__proto__ (node:internal/modules/esm/loader:680:25),
  status: 500,
  statusText: undefined,
  headers: undefined,
  data: undefined,
  body: undefined,
  unhandled: true
}
SyntaxError: Export 'ssr_exports' is not defined in module
    at compileSourceTextModule (node:internal/modules/esm/utils:346:16)
    ... 7 lines matching cause stack trace ...
    at async onImport.tracePromise.__proto__ (node:internal/modules/esm/loader:680:25) {
  cause: SyntaxError: Export 'ssr_exports' is not defined in module
      at compileSourceTextModule (node:internal/modules/esm/utils:346:16)
      at ModuleLoader.moduleStrategy (node:internal/modules/esm/translators:110:18)
      at #translate (node:internal/modules/esm/loader:559:20)
      at afterLoad (node:internal/modules/esm/loader:612:29)
      at ModuleLoader.loadAndTranslate (node:internal/modules/esm/loader:617:12)
      at #createModuleJob (node:internal/modules/esm/loader:640:36)
      at #getJobFromResolveResult (node:internal/modules/esm/loader:353:34)
      at ModuleLoader.getModuleJobForImport (node:internal/modules/esm/loader:321:41)
      at async onImport.tracePromise.__proto__ (node:internal/modules/esm/loader:680:25),
  status: 500,
  statusText: undefined,
  headers: undefined,
  data: undefined,
  body: undefined,
  unhandled: true
}
SyntaxError: Export 'ssr_exports' is not defined in module
    at compileSourceTextModule (node:internal/modules/esm/utils:346:16)
    ... 7 lines matching cause stack trace ...
    at async onImport.tracePromise.__proto__ (node:internal/modules/esm/loader:680:25) {
  cause: SyntaxError: Export 'ssr_exports' is not defined in module
      at compileSourceTextModule (node:internal/modules/esm/utils:346:16)
      at ModuleLoader.moduleStrategy (node:internal/modules/esm/translators:110:18)
      at #translate (node:internal/modules/esm/loader:559:20)
      at afterLoad (node:internal/modules/esm/loader:612:29)
      at ModuleLoader.loadAndTranslate (node:internal/modules/esm/loader:617:12)
      at #createModuleJob (node:internal/modules/esm/loader:640:36)
      at #getJobFromResolveResult (node:internal/modules/esm/loader:353:34)
      at ModuleLoader.getModuleJobForImport (node:internal/modules/esm/loader:321:41)
      at async onImport.tracePromise.__proto__ (node:internal/modules/esm/loader:680:25),
  status: 500,
  statusText: undefined,
  headers: undefined,
  data: undefined,
  body: undefined,
  unhandled: true
}
SyntaxError: Export 'ssr_exports' is not defined in module
    at compileSourceTextModule (node:internal/modules/esm/utils:346:16)
    ... 7 lines matching cause stack trace ...
    at async onImport.tracePromise.__proto__ (node:internal/modules/esm/loader:680:25) {
  cause: SyntaxError: Export 'ssr_exports' is not defined in module
      at compileSourceTextModule (node:internal/modules/esm/utils:346:16)
      at ModuleLoader.moduleStrategy (node:internal/modules/esm/translators:110:18)
      at #translate (node:internal/modules/esm/loader:559:20)
      at afterLoad (node:internal/modules/esm/loader:612:29)
      at ModuleLoader.loadAndTranslate (node:internal/modules/esm/loader:617:12)
      at #createModuleJob (node:internal/modules/esm/loader:640:36)
      at #getJobFromResolveResult (node:internal/modules/esm/loader:353:34)
      at ModuleLoader.getModuleJobForImport (node:internal/modules/esm/loader:321:41)
      at async onImport.tracePromise.__proto__ (node:internal/modules/esm/loader:680:25),
  status: 500,
  statusText: undefined,
  headers: undefined,
  data: undefined,
  body: undefined,
  unhandled: true
}
SyntaxError: Export 'ssr_exports' is not defined in module
    at compileSourceTextModule (node:internal/modules/esm/utils:346:16)
    ... 7 lines matching cause stack trace ...
    at async onImport.tracePromise.__proto__ (node:internal/modules/esm/loader:680:25) {
  cause: SyntaxError: Export 'ssr_exports' is not defined in module
      at compileSourceTextModule (node:internal/modules/esm/utils:346:16)
      at ModuleLoader.moduleStrategy (node:internal/modules/esm/translators:110:18)
      at #translate (node:internal/modules/esm/loader:559:20)
      at afterLoad (node:internal/modules/esm/loader:612:29)
      at ModuleLoader.loadAndTranslate (node:internal/modules/esm/loader:617:12)
      at #createModuleJob (node:internal/modules/esm/loader:640:36)
      at #getJobFromResolveResult (node:internal/modules/esm/loader:353:34)
      at ModuleLoader.getModuleJobForImport (node:internal/modules/esm/loader:321:41)
      at async onImport.tracePromise.__proto__ (node:internal/modules/esm/loader:680:25),
  status: 500,
  statusText: undefined,
  headers: undefined,
  data: undefined,
  body: undefined,
  unhandled: true
}
SyntaxError: Export 'ssr_exports' is not defined in module
    at compileSourceTextModule (node:internal/modules/esm/utils:346:16)
    ... 7 lines matching cause stack trace ...
    at async onImport.tracePromise.__proto__ (node:internal/modules/esm/loader:680:25) {
  cause: SyntaxError: Export 'ssr_exports' is not defined in module
      at compileSourceTextModule (node:internal/modules/esm/utils:346:16)
      at ModuleLoader.moduleStrategy (node:internal/modules/esm/translators:110:18)
      at #translate (node:internal/modules/esm/loader:559:20)
      at afterLoad (node:internal/modules/esm/loader:612:29)
      at ModuleLoader.loadAndTranslate (node:internal/modules/esm/loader:617:12)
      at #createModuleJob (node:internal/modules/esm/loader:640:36)
      at #getJobFromResolveResult (node:internal/modules/esm/loader:353:34)
      at ModuleLoader.getModuleJobForImport (node:internal/modules/esm/loader:321:41)
      at async onImport.tracePromise.__proto__ (node:internal/modules/esm/loader:680:25),
  status: 500,
  statusText: undefined,
  headers: undefined,
  data: undefined,
  body: undefined,
  unhandled: true
}
SyntaxError: Export 'ssr_exports' is not defined in module
    at compileSourceTextModule (node:internal/modules/esm/utils:346:16)
    ... 7 lines matching cause stack trace ...
    at async onImport.tracePromise.__proto__ (node:internal/modules/esm/loader:680:25) {
  cause: SyntaxError: Export 'ssr_exports' is not defined in module
      at compileSourceTextModule (node:internal/modules/esm/utils:346:16)
      at ModuleLoader.moduleStrategy (node:internal/modules/esm/translators:110:18)
      at #translate (node:internal/modules/esm/loader:559:20)
      at afterLoad (node:internal/modules/esm/loader:612:29)
      at ModuleLoader.loadAndTranslate (node:internal/modules/esm/loader:617:12)
      at #createModuleJob (node:internal/modules/esm/loader:640:36)
      at #getJobFromResolveResult (node:internal/modules/esm/loader:353:34)
      at ModuleLoader.getModuleJobForImport (node:internal/modules/esm/loader:321:41)
      at async onImport.tracePromise.__proto__ (node:internal/modules/esm/loader:680:25),
  status: 500,
  statusText: undefined,
  headers: undefined,
  data: undefined,
  body: undefined,
  unhandled: true
}
SyntaxError: Export 'ssr_exports' is not defined in module
    at compileSourceTextModule (node:internal/modules/esm/utils:346:16)
    ... 7 lines matching cause stack trace ...
    at async onImport.tracePromise.__proto__ (node:internal/modules/esm/loader:680:25) {
  cause: SyntaxError: Export 'ssr_exports' is not defined in module
      at compileSourceTextModule (node:internal/modules/esm/utils:346:16)
      at ModuleLoader.moduleStrategy (node:internal/modules/esm/translators:110:18)
      at #translate (node:internal/modules/esm/loader:559:20)
      at afterLoad (node:internal/modules/esm/loader:612:29)
      at ModuleLoader.loadAndTranslate (node:internal/modules/esm/loader:617:12)
      at #createModuleJob (node:internal/modules/esm/loader:640:36)
      at #getJobFromResolveResult (node:internal/modules/esm/loader:353:34)
      at ModuleLoader.getModuleJobForImport (node:internal/modules/esm/loader:321:41)
      at async onImport.tracePromise.__proto__ (node:internal/modules/esm/loader:680:25),
  status: 500,
  statusText: undefined,
  headers: undefined,
  data: undefined,
  body: undefined,
  unhandled: true
}
SyntaxError: Export 'ssr_exports' is not defined in module
    at compileSourceTextModule (node:internal/modules/esm/utils:346:16)
    ... 7 lines matching cause stack trace ...
    at async onImport.tracePromise.__proto__ (node:internal/modules/esm/loader:680:25) {
  cause: SyntaxError: Export 'ssr_exports' is not defined in module
      at compileSourceTextModule (node:internal/modules/esm/utils:346:16)
      at ModuleLoader.moduleStrategy (node:internal/modules/esm/translators:110:18)
      at #translate (node:internal/modules/esm/loader:559:20)
      at afterLoad (node:internal/modules/esm/loader:612:29)
      at ModuleLoader.loadAndTranslate (node:internal/modules/esm/loader:617:12)
      at #createModuleJob (node:internal/modules/esm/loader:640:36)
      at #getJobFromResolveResult (node:internal/modules/esm/loader:353:34)
      at ModuleLoader.getModuleJobForImport (node:internal/modules/esm/loader:321:41)
      at async onImport.tracePromise.__proto__ (node:internal/modules/esm/loader:680:25),
  status: 500,
  statusText: undefined,
  headers: undefined,
  data: undefined,
  body: undefined,
  unhandled: true
}
SyntaxError: Export 'ssr_exports' is not defined in module
    at compileSourceTextModule (node:internal/modules/esm/utils:346:16)
    ... 7 lines matching cause stack trace ...
    at async onImport.tracePromise.__proto__ (node:internal/modules/esm/loader:680:25) {
  cause: SyntaxError: Export 'ssr_exports' is not defined in module
      at compileSourceTextModule (node:internal/modules/esm/utils:346:16)
      at ModuleLoader.moduleStrategy (node:internal/modules/esm/translators:110:18)
      at #translate (node:internal/modules/esm/loader:559:20)
      at afterLoad (node:internal/modules/esm/loader:612:29)
      at ModuleLoader.loadAndTranslate (node:internal/modules/esm/loader:617:12)
      at #createModuleJob (node:internal/modules/esm/loader:640:36)
      at #getJobFromResolveResult (node:internal/modules/esm/loader:353:34)
      at ModuleLoader.getModuleJobForImport (node:internal/modules/esm/loader:321:41)
      at async onImport.tracePromise.__proto__ (node:internal/modules/esm/loader:680:25),
  status: 500,
  statusText: undefined,
  headers: undefined,
  data: undefined,
  body: undefined,
  unhandled: true
}
SyntaxError: Export 'ssr_exports' is not defined in module
    at compileSourceTextModule (node:internal/modules/esm/utils:346:16)
    ... 7 lines matching cause stack trace ...
    at async onImport.tracePromise.__proto__ (node:internal/modules/esm/loader:680:25) {
  cause: SyntaxError: Export 'ssr_exports' is not defined in module
      at compileSourceTextModule (node:internal/modules/esm/utils:346:16)
      at ModuleLoader.moduleStrategy (node:internal/modules/esm/translators:110:18)
      at #translate (node:internal/modules/esm/loader:559:20)
      at afterLoad (node:internal/modules/esm/loader:612:29)
      at ModuleLoader.loadAndTranslate (node:internal/modules/esm/loader:617:12)
      at #createModuleJob (node:internal/modules/esm/loader:640:36)
      at #getJobFromResolveResult (node:internal/modules/esm/loader:353:34)
      at ModuleLoader.getModuleJobForImport (node:internal/modules/esm/loader:321:41)
      at async onImport.tracePromise.__proto__ (node:internal/modules/esm/loader:680:25),
  status: 500,
  statusText: undefined,
  headers: undefined,
  data: undefined,
  body: undefined,
  unhandled: true
}
SyntaxError: Export 'ssr_exports' is not defined in module
    at compileSourceTextModule (node:internal/modules/esm/utils:346:16)
    ... 7 lines matching cause stack trace ...
    at async onImport.tracePromise.__proto__ (node:internal/modules/esm/loader:680:25) {
  cause: SyntaxError: Export 'ssr_exports' is not defined in module
      at compileSourceTextModule (node:internal/modules/esm/utils:346:16)
      at ModuleLoader.moduleStrategy (node:internal/modules/esm/translators:110:18)
      at #translate (node:internal/modules/esm/loader:559:20)
      at afterLoad (node:internal/modules/esm/loader:612:29)
      at ModuleLoader.loadAndTranslate (node:internal/modules/esm/loader:617:12)
      at #createModuleJob (node:internal/modules/esm/loader:640:36)
      at #getJobFromResolveResult (node:internal/modules/esm/loader:353:34)
      at ModuleLoader.getModuleJobForImport (node:internal/modules/esm/loader:321:41)
      at async onImport.tracePromise.__proto__ (node:internal/modules/esm/loader:680:25),
  status: 500,
  statusText: undefined,
  headers: undefined,
  data: undefined,
  body: undefined,
  unhandled: true
}
SyntaxError: Export 'ssr_exports' is not defined in module
    at compileSourceTextModule (node:internal/modules/esm/utils:346:16)
    ... 7 lines matching cause stack trace ...
    at async onImport.tracePromise.__proto__ (node:internal/modules/esm/loader:680:25) {
  cause: SyntaxError: Export 'ssr_exports' is not defined in module
      at compileSourceTextModule (node:internal/modules/esm/utils:346:16)
      at ModuleLoader.moduleStrategy (node:internal/modules/esm/translators:110:18)
      at #translate (node:internal/modules/esm/loader:559:20)
      at afterLoad (node:internal/modules/esm/loader:612:29)
      at ModuleLoader.loadAndTranslate (node:internal/modules/esm/loader:617:12)
      at #createModuleJob (node:internal/modules/esm/loader:640:36)
      at #getJobFromResolveResult (node:internal/modules/esm/loader:353:34)
      at ModuleLoader.getModuleJobForImport (node:internal/modules/esm/loader:321:41)
      at async onImport.tracePromise.__proto__ (node:internal/modules/esm/loader:680:25),
  status: 500,
  statusText: undefined,
  headers: undefined,
  data: undefined,
  body: undefined,
  unhandled: true
}
SyntaxError: Export 'ssr_exports' is not defined in module
    at compileSourceTextModule (node:internal/modules/esm/utils:346:16)
    ... 7 lines matching cause stack trace ...
    at async onImport.tracePromise.__proto__ (node:internal/modules/esm/loader:680:25) {
  cause: SyntaxError: Export 'ssr_exports' is not defined in module
      at compileSourceTextModule (node:internal/modules/esm/utils:346:16)
      at ModuleLoader.moduleStrategy (node:internal/modules/esm/translators:110:18)
      at #translate (node:internal/modules/esm/loader:559:20)
      at afterLoad (node:internal/modules/esm/loader:612:29)
      at ModuleLoader.loadAndTranslate (node:internal/modules/esm/loader:617:12)
      at #createModuleJob (node:internal/modules/esm/loader:640:36)
      at #getJobFromResolveResult (node:internal/modules/esm/loader:353:34)
      at ModuleLoader.getModuleJobForImport (node:internal/modules/esm/loader:321:41)
      at async onImport.tracePromise.__proto__ (node:internal/modules/esm/loader:680:25),
  status: 500,
  statusText: undefined,
  headers: undefined,
  data: undefined,
  body: undefined,
  unhandled: true
}
SyntaxError: Export 'ssr_exports' is not defined in module
    at compileSourceTextModule (node:internal/modules/esm/utils:346:16)
    ... 7 lines matching cause stack trace ...
    at async onImport.tracePromise.__proto__ (node:internal/modules/esm/loader:680:25) {
  cause: SyntaxError: Export 'ssr_exports' is not defined in module
      at compileSourceTextModule (node:internal/modules/esm/utils:346:16)
      at ModuleLoader.moduleStrategy (node:internal/modules/esm/translators:110:18)
      at #translate (node:internal/modules/esm/loader:559:20)
      at afterLoad (node:internal/modules/esm/loader:612:29)
      at ModuleLoader.loadAndTranslate (node:internal/modules/esm/loader:617:12)
      at #createModuleJob (node:internal/modules/esm/loader:640:36)
      at #getJobFromResolveResult (node:internal/modules/esm/loader:353:34)
      at ModuleLoader.getModuleJobForImport (node:internal/modules/esm/loader:321:41)
      at async onImport.tracePromise.__proto__ (node:internal/modules/esm/loader:680:25),
  status: 500,
  statusText: undefined,
  headers: undefined,
  data: undefined,
  body: undefined,
  unhandled: true
}
SyntaxError: Export 'ssr_exports' is not defined in module
    at compileSourceTextModule (node:internal/modules/esm/utils:346:16)
    ... 7 lines matching cause stack trace ...
    at async onImport.tracePromise.__proto__ (node:internal/modules/esm/loader:680:25) {
  cause: SyntaxError: Export 'ssr_exports' is not defined in module
      at compileSourceTextModule (node:internal/modules/esm/utils:346:16)
      at ModuleLoader.moduleStrategy (node:internal/modules/esm/translators:110:18)
      at #translate (node:internal/modules/esm/loader:559:20)
      at afterLoad (node:internal/modules/esm/loader:612:29)
      at ModuleLoader.loadAndTranslate (node:internal/modules/esm/loader:617:12)
      at #createModuleJob (node:internal/modules/esm/loader:640:36)
      at #getJobFromResolveResult (node:internal/modules/esm/loader:353:34)
      at ModuleLoader.getModuleJobForImport (node:internal/modules/esm/loader:321:41)
      at async onImport.tracePromise.__proto__ (node:internal/modules/esm/loader:680:25),
  status: 500,
  statusText: undefined,
  headers: undefined,
  data: undefined,
  body: undefined,
  unhandled: true
}
SyntaxError: Export 'ssr_exports' is not defined in module
    at compileSourceTextModule (node:internal/modules/esm/utils:346:16)
    ... 7 lines matching cause stack trace ...
    at async onImport.tracePromise.__proto__ (node:internal/modules/esm/loader:680:25) {
  cause: SyntaxError: Export 'ssr_exports' is not defined in module
      at compileSourceTextModule (node:internal/modules/esm/utils:346:16)
      at ModuleLoader.moduleStrategy (node:internal/modules/esm/translators:110:18)
      at #translate (node:internal/modules/esm/loader:559:20)
      at afterLoad (node:internal/modules/esm/loader:612:29)
      at ModuleLoader.loadAndTranslate (node:internal/modules/esm/loader:617:12)
      at #createModuleJob (node:internal/modules/esm/loader:640:36)
      at #getJobFromResolveResult (node:internal/modules/esm/loader:353:34)
      at ModuleLoader.getModuleJobForImport (node:internal/modules/esm/loader:321:41)
      at async onImport.tracePromise.__proto__ (node:internal/modules/esm/loader:680:25),
  status: 500,
  statusText: undefined,
  headers: undefined,
  data: undefined,
  body: undefined,
  unhandled: true
}
SyntaxError: Export 'ssr_exports' is not defined in module
    at compileSourceTextModule (node:internal/modules/esm/utils:346:16)
    ... 7 lines matching cause stack trace ...
    at async onImport.tracePromise.__proto__ (node:internal/modules/esm/loader:680:25) {
  cause: SyntaxError: Export 'ssr_exports' is not defined in module
      at compileSourceTextModule (node:internal/modules/esm/utils:346:16)
      at ModuleLoader.moduleStrategy (node:internal/modules/esm/translators:110:18)
      at #translate (node:internal/modules/esm/loader:559:20)
      at afterLoad (node:internal/modules/esm/loader:612:29)
      at ModuleLoader.loadAndTranslate (node:internal/modules/esm/loader:617:12)
      at #createModuleJob (node:internal/modules/esm/loader:640:36)
      at #getJobFromResolveResult (node:internal/modules/esm/loader:353:34)
      at ModuleLoader.getModuleJobForImport (node:internal/modules/esm/loader:321:41)
      at async onImport.tracePromise.__proto__ (node:internal/modules/esm/loader:680:25),
  status: 500,
  statusText: undefined,
  headers: undefined,
  data: undefined,
  body: undefined,
  unhandled: true
}
SyntaxError: Export 'ssr_exports' is not defined in module
    at compileSourceTextModule (node:internal/modules/esm/utils:346:16)
    ... 7 lines matching cause stack trace ...
    at async onImport.tracePromise.__proto__ (node:internal/modules/esm/loader:680:25) {
  cause: SyntaxError: Export 'ssr_exports' is not defined in module
      at compileSourceTextModule (node:internal/modules/esm/utils:346:16)
      at ModuleLoader.moduleStrategy (node:internal/modules/esm/translators:110:18)
      at #translate (node:internal/modules/esm/loader:559:20)
      at afterLoad (node:internal/modules/esm/loader:612:29)
      at ModuleLoader.loadAndTranslate (node:internal/modules/esm/loader:617:12)
      at #createModuleJob (node:internal/modules/esm/loader:640:36)
      at #getJobFromResolveResult (node:internal/modules/esm/loader:353:34)
      at ModuleLoader.getModuleJobForImport (node:internal/modules/esm/loader:321:41)
      at async onImport.tracePromise.__proto__ (node:internal/modules/esm/loader:680:25),
  status: 500,
  statusText: undefined,
  headers: undefined,
  data: undefined,
  body: undefined,
  unhandled: true
}
SyntaxError: Export 'ssr_exports' is not defined in module
    at compileSourceTextModule (node:internal/modules/esm/utils:346:16)
    ... 7 lines matching cause stack trace ...
    at async onImport.tracePromise.__proto__ (node:internal/modules/esm/loader:680:25) {
  cause: SyntaxError: Export 'ssr_exports' is not defined in module
      at compileSourceTextModule (node:internal/modules/esm/utils:346:16)
      at ModuleLoader.moduleStrategy (node:internal/modules/esm/translators:110:18)
      at #translate (node:internal/modules/esm/loader:559:20)
      at afterLoad (node:internal/modules/esm/loader:612:29)
      at ModuleLoader.loadAndTranslate (node:internal/modules/esm/loader:617:12)
      at #createModuleJob (node:internal/modules/esm/loader:640:36)
      at #getJobFromResolveResult (node:internal/modules/esm/loader:353:34)
      at ModuleLoader.getModuleJobForImport (node:internal/modules/esm/loader:321:41)
      at async onImport.tracePromise.__proto__ (node:internal/modules/esm/loader:680:25),
  status: 500,
  statusText: undefined,
  headers: undefined,
  data: undefined,
  body: undefined,
  unhandled: true
}
SyntaxError: Export 'ssr_exports' is not defined in module
    at compileSourceTextModule (node:internal/modules/esm/utils:346:16)
    ... 7 lines matching cause stack trace ...
    at async onImport.tracePromise.__proto__ (node:internal/modules/esm/loader:680:25) {
  cause: SyntaxError: Export 'ssr_exports' is not defined in module
      at compileSourceTextModule (node:internal/modules/esm/utils:346:16)
      at ModuleLoader.moduleStrategy (node:internal/modules/esm/translators:110:18)
      at #translate (node:internal/modules/esm/loader:559:20)
      at afterLoad (node:internal/modules/esm/loader:612:29)
      at ModuleLoader.loadAndTranslate (node:internal/modules/esm/loader:617:12)
      at #createModuleJob (node:internal/modules/esm/loader:640:36)
      at #getJobFromResolveResult (node:internal/modules/esm/loader:353:34)
      at ModuleLoader.getModuleJobForImport (node:internal/modules/esm/loader:321:41)
      at async onImport.tracePromise.__proto__ (node:internal/modules/esm/loader:680:25),
  status: 500,
  statusText: undefined,
  headers: undefined,
  data: undefined,
  body: undefined,
  unhandled: true
}
SyntaxError: Export 'ssr_exports' is not defined in module
    at compileSourceTextModule (node:internal/modules/esm/utils:346:16)
    ... 7 lines matching cause stack trace ...
    at async onImport.tracePromise.__proto__ (node:internal/modules/esm/loader:680:25) {
  cause: SyntaxError: Export 'ssr_exports' is not defined in module
      at compileSourceTextModule (node:internal/modules/esm/utils:346:16)
      at ModuleLoader.moduleStrategy (node:internal/modules/esm/translators:110:18)
      at #translate (node:internal/modules/esm/loader:559:20)
      at afterLoad (node:internal/modules/esm/loader:612:29)
      at ModuleLoader.loadAndTranslate (node:internal/modules/esm/loader:617:12)
      at #createModuleJob (node:internal/modules/esm/loader:640:36)
      at #getJobFromResolveResult (node:internal/modules/esm/loader:353:34)
      at ModuleLoader.getModuleJobForImport (node:internal/modules/esm/loader:321:41)
      at async onImport.tracePromise.__proto__ (node:internal/modules/esm/loader:680:25),
  status: 500,
  statusText: undefined,
  headers: undefined,
  data: undefined,
  body: undefined,
  unhandled: true
}
SyntaxError: Export 'ssr_exports' is not defined in module
    at compileSourceTextModule (node:internal/modules/esm/utils:346:16)
    ... 7 lines matching cause stack trace ...
    at async onImport.tracePromise.__proto__ (node:internal/modules/esm/loader:680:25) {
  cause: SyntaxError: Export 'ssr_exports' is not defined in module
      at compileSourceTextModule (node:internal/modules/esm/utils:346:16)
      at ModuleLoader.moduleStrategy (node:internal/modules/esm/translators:110:18)
      at #translate (node:internal/modules/esm/loader:559:20)
      at afterLoad (node:internal/modules/esm/loader:612:29)
      at ModuleLoader.loadAndTranslate (node:internal/modules/esm/loader:617:12)
      at #createModuleJob (node:internal/modules/esm/loader:640:36)
      at #getJobFromResolveResult (node:internal/modules/esm/loader:353:34)
      at ModuleLoader.getModuleJobForImport (node:internal/modules/esm/loader:321:41)
      at async onImport.tracePromise.__proto__ (node:internal/modules/esm/loader:680:25),
  status: 500,
  statusText: undefined,
  headers: undefined,
  data: undefined,
  body: undefined,
  unhandled: true
}
SyntaxError: Export 'ssr_exports' is not defined in module
    at compileSourceTextModule (node:internal/modules/esm/utils:346:16)
    ... 7 lines matching cause stack trace ...
    at async onImport.tracePromise.__proto__ (node:internal/modules/esm/loader:680:25) {
  cause: SyntaxError: Export 'ssr_exports' is not defined in module
      at compileSourceTextModule (node:internal/modules/esm/utils:346:16)
      at ModuleLoader.moduleStrategy (node:internal/modules/esm/translators:110:18)
      at #translate (node:internal/modules/esm/loader:559:20)
      at afterLoad (node:internal/modules/esm/loader:612:29)
      at ModuleLoader.loadAndTranslate (node:internal/modules/esm/loader:617:12)
      at #createModuleJob (node:internal/modules/esm/loader:640:36)
      at #getJobFromResolveResult (node:internal/modules/esm/loader:353:34)
      at ModuleLoader.getModuleJobForImport (node:internal/modules/esm/loader:321:41)
      at async onImport.tracePromise.__proto__ (node:internal/modules/esm/loader:680:25),
  status: 500,
  statusText: undefined,
  headers: undefined,
  data: undefined,
  body: undefined,
  unhandled: true
}
SyntaxError: Export 'ssr_exports' is not defined in module
    at compileSourceTextModule (node:internal/modules/esm/utils:346:16)
    ... 7 lines matching cause stack trace ...
    at async onImport.tracePromise.__proto__ (node:internal/modules/esm/loader:680:25) {
  cause: SyntaxError: Export 'ssr_exports' is not defined in module
      at compileSourceTextModule (node:internal/modules/esm/utils:346:16)
      at ModuleLoader.moduleStrategy (node:internal/modules/esm/translators:110:18)
      at #translate (node:internal/modules/esm/loader:559:20)
      at afterLoad (node:internal/modules/esm/loader:612:29)
      at ModuleLoader.loadAndTranslate (node:internal/modules/esm/loader:617:12)
      at #createModuleJob (node:internal/modules/esm/loader:640:36)
      at #getJobFromResolveResult (node:internal/modules/esm/loader:353:34)
      at ModuleLoader.getModuleJobForImport (node:internal/modules/esm/loader:321:41)
      at async onImport.tracePromise.__proto__ (node:internal/modules/esm/loader:680:25),
  status: 500,
  statusText: undefined,
  headers: undefined,
  data: undefined,
  body: undefined,
  unhandled: true
}
SyntaxError: Export 'ssr_exports' is not defined in module
    at compileSourceTextModule (node:internal/modules/esm/utils:346:16)
    ... 7 lines matching cause stack trace ...
    at async onImport.tracePromise.__proto__ (node:internal/modules/esm/loader:680:25) {
  cause: SyntaxError: Export 'ssr_exports' is not defined in module
      at compileSourceTextModule (node:internal/modules/esm/utils:346:16)
      at ModuleLoader.moduleStrategy (node:internal/modules/esm/translators:110:18)
      at #translate (node:internal/modules/esm/loader:559:20)
      at afterLoad (node:internal/modules/esm/loader:612:29)
      at ModuleLoader.loadAndTranslate (node:internal/modules/esm/loader:617:12)
      at #createModuleJob (node:internal/modules/esm/loader:640:36)
      at #getJobFromResolveResult (node:internal/modules/esm/loader:353:34)
      at ModuleLoader.getModuleJobForImport (node:internal/modules/esm/loader:321:41)
      at async onImport.tracePromise.__proto__ (node:internal/modules/esm/loader:680:25),
  status: 500,
  statusText: undefined,
  headers: undefined,
  data: undefined,
  body: undefined,
  unhandled: true
}
SyntaxError: Export 'ssr_exports' is not defined in module
    at compileSourceTextModule (node:internal/modules/esm/utils:346:16)
    ... 7 lines matching cause stack trace ...
    at async onImport.tracePromise.__proto__ (node:internal/modules/esm/loader:680:25) {
  cause: SyntaxError: Export 'ssr_exports' is not defined in module
      at compileSourceTextModule (node:internal/modules/esm/utils:346:16)
      at ModuleLoader.moduleStrategy (node:internal/modules/esm/translators:110:18)
      at #translate (node:internal/modules/esm/loader:559:20)
      at afterLoad (node:internal/modules/esm/loader:612:29)
      at ModuleLoader.loadAndTranslate (node:internal/modules/esm/loader:617:12)
      at #createModuleJob (node:internal/modules/esm/loader:640:36)
      at #getJobFromResolveResult (node:internal/modules/esm/loader:353:34)
      at ModuleLoader.getModuleJobForImport (node:internal/modules/esm/loader:321:41)
      at async onImport.tracePromise.__proto__ (node:internal/modules/esm/loader:680:25),
  status: 500,
  statusText: undefined,
  headers: undefined,
  data: undefined,
  body: undefined,
  unhandled: true
}
SyntaxError: Export 'ssr_exports' is not defined in module
    at compileSourceTextModule (node:internal/modules/esm/utils:346:16)
    ... 7 lines matching cause stack trace ...
    at async onImport.tracePromise.__proto__ (node:internal/modules/esm/loader:680:25) {
  cause: SyntaxError: Export 'ssr_exports' is not defined in module
      at compileSourceTextModule (node:internal/modules/esm/utils:346:16)
      at ModuleLoader.moduleStrategy (node:internal/modules/esm/translators:110:18)
      at #translate (node:internal/modules/esm/loader:559:20)
      at afterLoad (node:internal/modules/esm/loader:612:29)
      at ModuleLoader.loadAndTranslate (node:internal/modules/esm/loader:617:12)
      at #createModuleJob (node:internal/modules/esm/loader:640:36)
      at #getJobFromResolveResult (node:internal/modules/esm/loader:353:34)
      at ModuleLoader.getModuleJobForImport (node:internal/modules/esm/loader:321:41)
      at async onImport.tracePromise.__proto__ (node:internal/modules/esm/loader:680:25),
  status: 500,
  statusText: undefined,
  headers: undefined,
  data: undefined,
  body: undefined,
  unhandled: true
}
SyntaxError: Export 'ssr_exports' is not defined in module
    at compileSourceTextModule (node:internal/modules/esm/utils:346:16)
    ... 7 lines matching cause stack trace ...
    at async onImport.tracePromise.__proto__ (node:internal/modules/esm/loader:680:25) {
  cause: SyntaxError: Export 'ssr_exports' is not defined in module
      at compileSourceTextModule (node:internal/modules/esm/utils:346:16)
      at ModuleLoader.moduleStrategy (node:internal/modules/esm/translators:110:18)
      at #translate (node:internal/modules/esm/loader:559:20)
      at afterLoad (node:internal/modules/esm/loader:612:29)
      at ModuleLoader.loadAndTranslate (node:internal/modules/esm/loader:617:12)
      at #createModuleJob (node:internal/modules/esm/loader:640:36)
      at #getJobFromResolveResult (node:internal/modules/esm/loader:353:34)
      at ModuleLoader.getModuleJobForImport (node:internal/modules/esm/loader:321:41)
      at async onImport.tracePromise.__proto__ (node:internal/modules/esm/loader:680:25),
  status: 500,
  statusText: undefined,
  headers: undefined,
  data: undefined,
  body: undefined,
  unhandled: true
}
SyntaxError: Export 'ssr_exports' is not defined in module
    at compileSourceTextModule (node:internal/modules/esm/utils:346:16)
    ... 7 lines matching cause stack trace ...
    at async onImport.tracePromise.__proto__ (node:internal/modules/esm/loader:680:25) {
  cause: SyntaxError: Export 'ssr_exports' is not defined in module
      at compileSourceTextModule (node:internal/modules/esm/utils:346:16)
      at ModuleLoader.moduleStrategy (node:internal/modules/esm/translators:110:18)
      at #translate (node:internal/modules/esm/loader:559:20)
      at afterLoad (node:internal/modules/esm/loader:612:29)
      at ModuleLoader.loadAndTranslate (node:internal/modules/esm/loader:617:12)
      at #createModuleJob (node:internal/modules/esm/loader:640:36)
      at #getJobFromResolveResult (node:internal/modules/esm/loader:353:34)
      at ModuleLoader.getModuleJobForImport (node:internal/modules/esm/loader:321:41)
      at async onImport.tracePromise.__proto__ (node:internal/modules/esm/loader:680:25),
  status: 500,
  statusText: undefined,
  headers: undefined,
  data: undefined,
  body: undefined,
  unhandled: true
}

> preview
> node scripts/with-app-env.mjs vite preview


 ╭────────── [Build Info] ─────────────╮
 │                                     │
 │  - Build Directory: .vercel/output  │
 │  - Date: 8/30/2026, 7:29:07 AM      │
 │  - Nitro Version: 3.0.260610-beta   │
 │  - Nitro Preset: vercel             │
 │                                     │
 ╰─────────────────────────────────────╯

  ➜  Local:   http://127.0.0.1:8081/
2026-08-30T07:29:13.507Z WARN [Better Auth]: Rate limiting could not determine a client IP and is falling back to a single shared per-path bucket. Ensure your runtime forwards a trusted client IP header, then set `advanced.ipAddress.ipAddressHeaders` or `advanced.ipAddress.trustedProxies` so the address can be resolved.

> preview
> node scripts/with-app-env.mjs vite preview


 ╭────────── [Build Info] ─────────────╮
 │                                     │
 │  - Build Directory: .vercel/output  │
 │  - Date: 8/30/2026, 3:48:44 PM      │
 │  - Nitro Version: 3.0.260610-beta   │
 │  - Nitro Preset: vercel             │
 │                                     │
 ╰─────────────────────────────────────╯

  ➜  Local:   http://127.0.0.1:8081/
2026-08-30T15:48:55.648Z WARN [Better Auth]: Rate limiting could not determine a client IP and is falling back to a single shared per-path bucket. Ensure your runtime forwards a trusted client IP header, then set `advanced.ipAddress.ipAddressHeaders` or `advanced.ipAddress.trustedProxies` so the address can be resolved.

> preview
> node scripts/with-app-env.mjs vite preview


 ╭────────── [Build Info] ─────────────╮
 │                                     │
 │  - Build Directory: .vercel/output  │
 │  - Date: 8/30/2026, 4:10:56 PM      │
 │  - Nitro Version: 3.0.260610-beta   │
 │  - Nitro Preset: vercel             │
 │                                     │
 ╰─────────────────────────────────────╯

  ➜  Local:   http://127.0.0.1:8081/
2026-08-30T16:11:08.373Z WARN [Better Auth]: Rate limiting could not determine a client IP and is falling back to a single shared per-path bucket. Ensure your runtime forwards a trusted client IP header, then set `advanced.ipAddress.ipAddressHeaders` or `advanced.ipAddress.trustedProxies` so the address can be resolved.

> preview
> node scripts/with-app-env.mjs vite preview


 ╭────────── [Build Info] ─────────────╮
 │                                     │
 │  - Build Directory: .vercel/output  │
 │  - Date: 8/31/2026, 4:33:22 AM      │
 │  - Nitro Version: 3.0.260610-beta   │
 │  - Nitro Preset: vercel             │
 │                                     │
 ╰─────────────────────────────────────╯

  ➜  Local:   http://127.0.0.1:8081/
2026-08-31T04:33:33.108Z WARN [Better Auth]: Rate limiting could not determine a client IP and is falling back to a single shared per-path bucket. Ensure your runtime forwards a trusted client IP header, then set `advanced.ipAddress.ipAddressHeaders` or `advanced.ipAddress.trustedProxies` so the address can be resolved.

> preview
> node scripts/with-app-env.mjs vite preview


 ╭────────── [Build Info] ─────────────╮
 │                                     │
 │  - Build Directory: .vercel/output  │
 │  - Date: 8/31/2026, 4:47:26 AM      │
 │  - Nitro Version: 3.0.260610-beta   │
 │  - Nitro Preset: vercel             │
 │                                     │
 ╰─────────────────────────────────────╯

  ➜  Local:   http://127.0.0.1:8081/
2026-08-31T04:47:39.254Z WARN [Better Auth]: Rate limiting could not determine a client IP and is falling back to a single shared per-path bucket. Ensure your runtime forwards a trusted client IP header, then set `advanced.ipAddress.ipAddressHeaders` or `advanced.ipAddress.trustedProxies` so the address can be resolved.

> preview
> node scripts/with-app-env.mjs vite preview


 ╭────────── [Build Info] ─────────────╮
 │                                     │
 │  - Build Directory: .vercel/output  │
 │  - Date: 8/31/2026, 5:31:05 AM      │
 │  - Nitro Version: 3.0.260610-beta   │
 │  - Nitro Preset: vercel             │
 │                                     │
 ╰─────────────────────────────────────╯

  ➜  Local:   http://127.0.0.1:8081/
2026-08-31T05:31:21.806Z WARN [Better Auth]: Rate limiting could not determine a client IP and is falling back to a single shared per-path bucket. Ensure your runtime forwards a trusted client IP header, then set `advanced.ipAddress.ipAddressHeaders` or `advanced.ipAddress.trustedProxies` so the address can be resolved.

> preview
> node scripts/with-app-env.mjs vite preview


 ╭────────── [Build Info] ─────────────╮
 │                                     │
 │  - Build Directory: .vercel/output  │
 │  - Date: 8/31/2026, 5:54:20 AM      │
 │  - Nitro Version: 3.0.260610-beta   │
 │  - Nitro Preset: vercel             │
 │                                     │
 ╰─────────────────────────────────────╯

  ➜  Local:   http://127.0.0.1:8081/
2026-08-31T05:54:32.322Z WARN [Better Auth]: Rate limiting could not determine a client IP and is falling back to a single shared per-path bucket. Ensure your runtime forwards a trusted client IP header, then set `advanced.ipAddress.ipAddressHeaders` or `advanced.ipAddress.trustedProxies` so the address can be resolved.

> preview
> node scripts/with-app-env.mjs vite preview


 ╭────────── [Build Info] ─────────────╮
 │                                     │
 │  - Build Directory: .vercel/output  │
 │  - Date: 8/31/2026, 6:59:01 AM      │
 │  - Nitro Version: 3.0.260610-beta   │
 │  - Nitro Preset: vercel             │
 │                                     │
 ╰─────────────────────────────────────╯

  ➜  Local:   http://127.0.0.1:8081/
2026-08-31T06:59:28.261Z WARN [Better Auth]: Rate limiting could not determine a client IP and is falling back to a single shared per-path bucket. Ensure your runtime forwards a trusted client IP header, then set `advanced.ipAddress.ipAddressHeaders` or `advanced.ipAddress.trustedProxies` so the address can be resolved.

> preview
> node scripts/with-app-env.mjs vite preview


 ╭────────── [Build Info] ─────────────╮
 │                                     │
 │  - Build Directory: .vercel/output  │
 │  - Date: 8/31/2026, 7:16:10 AM      │
 │  - Nitro Version: 3.0.260610-beta   │
 │  - Nitro Preset: vercel             │
 │                                     │
 ╰─────────────────────────────────────╯

  ➜  Local:   http://127.0.0.1:8081/
2026-08-31T07:16:23.522Z WARN [Better Auth]: Rate limiting could not determine a client IP and is falling back to a single shared per-path bucket. Ensure your runtime forwards a trusted client IP header, then set `advanced.ipAddress.ipAddressHeaders` or `advanced.ipAddress.trustedProxies` so the address can be resolved.

> preview
> node scripts/with-app-env.mjs vite preview


 ╭────────── [Build Info] ─────────────╮
 │                                     │
 │  - Build Directory: .vercel/output  │
 │  - Date: 8/31/2026, 7:45:17 AM      │
 │  - Nitro Version: 3.0.260610-beta   │
 │  - Nitro Preset: vercel             │
 │                                     │
 ╰─────────────────────────────────────╯

  ➜  Local:   http://127.0.0.1:8081/
2026-08-31T07:45:50.918Z WARN [Better Auth]: Rate limiting could not determine a client IP and is falling back to a single shared per-path bucket. Ensure your runtime forwards a trusted client IP header, then set `advanced.ipAddress.ipAddressHeaders` or `advanced.ipAddress.trustedProxies` so the address can be resolved.

> preview
> node scripts/with-app-env.mjs vite preview


 ╭────────── [Build Info] ─────────────╮
 │                                     │
 │  - Build Directory: .vercel/output  │
 │  - Date: 8/31/2026, 8:02:03 AM      │
 │  - Nitro Version: 3.0.260610-beta   │
 │  - Nitro Preset: vercel             │
 │                                     │
 ╰─────────────────────────────────────╯

  ➜  Local:   http://127.0.0.1:8081/
2026-08-31T08:03:20.868Z WARN [Better Auth]: Rate limiting could not determine a client IP and is falling back to a single shared per-path bucket. Ensure your runtime forwards a trusted client IP header, then set `advanced.ipAddress.ipAddressHeaders` or `advanced.ipAddress.trustedProxies` so the address can be resolved.

> preview
> node scripts/with-app-env.mjs vite preview


 ╭────────── [Build Info] ─────────────╮
 │                                     │
 │  - Build Directory: .vercel/output  │
 │  - Date: 8/31/2026, 8:37:22 AM      │
 │  - Nitro Version: 3.0.260610-beta   │
 │  - Nitro Preset: vercel             │
 │                                     │
 ╰─────────────────────────────────────╯

  ➜  Local:   http://127.0.0.1:8081/
2026-08-31T08:37:32.827Z WARN [Better Auth]: Rate limiting could not determine a client IP and is falling back to a single shared per-path bucket. Ensure your runtime forwards a trusted client IP header, then set `advanced.ipAddress.ipAddressHeaders` or `advanced.ipAddress.trustedProxies` so the address can be resolved.

> preview
> node scripts/with-app-env.mjs vite preview


 ╭────────── [Build Info] ─────────────╮
 │                                     │
 │  - Build Directory: .vercel/output  │
 │  - Date: 8/31/2026, 9:22:30 AM      │
 │  - Nitro Version: 3.0.260610-beta   │
 │  - Nitro Preset: vercel             │
 │                                     │
 ╰─────────────────────────────────────╯

  ➜  Local:   http://127.0.0.1:8081/
2026-08-31T09:22:59.027Z WARN [Better Auth]: Rate limiting could not determine a client IP and is falling back to a single shared per-path bucket. Ensure your runtime forwards a trusted client IP header, then set `advanced.ipAddress.ipAddressHeaders` or `advanced.ipAddress.trustedProxies` so the address can be resolved.

> preview
> node scripts/with-app-env.mjs vite preview


 ╭────────── [Build Info] ─────────────╮
 │                                     │
 │  - Build Directory: .vercel/output  │
 │  - Date: 8/31/2026, 9:24:55 AM      │
 │  - Nitro Version: 3.0.260610-beta   │
 │  - Nitro Preset: vercel             │
 │                                     │
 ╰─────────────────────────────────────╯

  ➜  Local:   http://127.0.0.1:8081/
2026-08-31T09:25:05.797Z WARN [Better Auth]: Rate limiting could not determine a client IP and is falling back to a single shared per-path bucket. Ensure your runtime forwards a trusted client IP header, then set `advanced.ipAddress.ipAddressHeaders` or `advanced.ipAddress.trustedProxies` so the address can be resolved.

> preview
> node scripts/with-app-env.mjs vite preview


 ╭────────── [Build Info] ─────────────╮
 │                                     │
 │  - Build Directory: .vercel/output  │
 │  - Date: 8/31/2026, 10:05:42 AM     │
 │  - Nitro Version: 3.0.260610-beta   │
 │  - Nitro Preset: vercel             │
 │                                     │
 ╰─────────────────────────────────────╯

  ➜  Local:   http://127.0.0.1:8081/

> preview
> node scripts/with-app-env.mjs vite preview


 ╭────────── [Build Info] ─────────────╮
 │                                     │
 │  - Build Directory: .vercel/output  │
 │  - Date: 8/31/2026, 10:12:30 AM     │
 │  - Nitro Version: 3.0.260610-beta   │
 │  - Nitro Preset: vercel             │
 │                                     │
 ╰─────────────────────────────────────╯

  ➜  Local:   http://127.0.0.1:8081/
2026-08-31T10:12:54.389Z WARN [Better Auth]: Rate limiting could not determine a client IP and is falling back to a single shared per-path bucket. Ensure your runtime forwards a trusted client IP header, then set `advanced.ipAddress.ipAddressHeaders` or `advanced.ipAddress.trustedProxies` so the address can be resolved.

> preview
> node scripts/with-app-env.mjs vite preview


 ╭────────── [Build Info] ─────────────╮
 │                                     │
 │  - Build Directory: .vercel/output  │
 │  - Date: 8/31/2026, 10:24:02 AM     │
 │  - Nitro Version: 3.0.260610-beta   │
 │  - Nitro Preset: vercel             │
 │                                     │
 ╰─────────────────────────────────────╯

  ➜  Local:   http://127.0.0.1:8081/
2026-08-31T10:26:06.750Z WARN [Better Auth]: Rate limiting could not determine a client IP and is falling back to a single shared per-path bucket. Ensure your runtime forwards a trusted client IP header, then set `advanced.ipAddress.ipAddressHeaders` or `advanced.ipAddress.trustedProxies` so the address can be resolved.

> preview
> node scripts/with-app-env.mjs vite preview


 ╭────────── [Build Info] ─────────────╮
 │                                     │
 │  - Build Directory: .vercel/output  │
 │  - Date: 8/31/2026, 10:36:55 AM     │
 │  - Nitro Version: 3.0.260610-beta   │
 │  - Nitro Preset: vercel             │
 │                                     │
 ╰─────────────────────────────────────╯

  ➜  Local:   http://127.0.0.1:8081/
2026-08-31T10:37:13.134Z WARN [Better Auth]: Rate limiting could not determine a client IP and is falling back to a single shared per-path bucket. Ensure your runtime forwards a trusted client IP header, then set `advanced.ipAddress.ipAddressHeaders` or `advanced.ipAddress.trustedProxies` so the address can be resolved.

> preview
> node scripts/with-app-env.mjs vite preview


 ╭────────── [Build Info] ─────────────╮
 │                                     │
 │  - Build Directory: .vercel/output  │
 │  - Date: 8/31/2026, 3:27:47 PM      │
 │  - Nitro Version: 3.0.260610-beta   │
 │  - Nitro Preset: vercel             │
 │                                     │
 ╰─────────────────────────────────────╯

  ➜  Local:   http://127.0.0.1:8081/
2026-08-31T15:28:02.463Z WARN [Better Auth]: Rate limiting could not determine a client IP and is falling back to a single shared per-path bucket. Ensure your runtime forwards a trusted client IP header, then set `advanced.ipAddress.ipAddressHeaders` or `advanced.ipAddress.trustedProxies` so the address can be resolved.
